id,posterior_p_a,posterior_inv_temp,fixed_state_exploration,fixed_parameter_exploration,posterior_Rsensitivity,posterior_reward_value,fixed_l_loss_value,posterior_eta,posterior_omega,fixed_lamgda
53b98f20fdf99b472f4700e4,0.910494891529577,2.12846933702939,1,0,0.62365296966224,4.84210225569179,4,0.0677802965590265,0.654925034691356,1
558fa9dffdf99b7ce2924662,0.720084283076442,0.35146224851098,1,0,0.857767370393522,18.1236438756933,4,0.312440527525866,0.154957108348604,1
5590a34cfdf99b729d4f69dc,0.813765204082652,0.183217301346241,1,0,0.679070066598037,24.0476778064662,4,0.687199275455231,0.305014347697052,1
5596a991fdf99b2d1e834690,0.503561942000176,0.432549224741588,1,0,0.751147888168325,9.84340047585591,4,0.575829575766895,0.557015334718003,1
55bcd160fdf99b1c4e4ae632,0.927647654177627,0.96565224567483,1,0,1.31985407776216,9.8788908596625,4,0.109693369094879,0.628121399498562,1
55cc7cfb74297e0005235c27,0.88143253364794,1.53431308802754,1,0,1.3316517227721,7.52466648108317,4,0.0143673902666333,0.0900637849194716,1
55eb04337480920010aa9e0d,0.914181560921429,0.932446709828856,1,0,1.13020828552694,8.40888573900545,4,0.0791817485788738,0.120597877109494,1
562c2ff0733ea000111630df,0.923837249006249,1.92809232191145,1,0,1.06723908928636,7.24547810332281,4,0.0669133186569165,0.650365941499664,1
562eb896733ea000051638c6,0.952277851703766,1.44682849057726,1,0,0.886246631476921,6.54597534134446,4,0.14192805533243,0.291245654477832,1
5658000ca9872d0011e1ba26,0.90867573115847,1.49745382073131,1,0,1.16444019497099,5.1996947173012,4,0.0220628552605574,0.0887500549848806,1
565bff58c121fe0005fc390d,0.865399790118838,1.00608953755776,1,0,1.50156880717448,10.0900167085747,4,0.0857560211956159,0.603523103788792,1
56780a5a89319e0011644cb4,0.730132394221306,0.218767325205596,1,0,0.512966744860101,34.6838772236489,4,0.333315974134986,0.255677845627271,1
567dd32b4f0ef30006dbb718,0.89718784567159,1.17014484124004,1,0,1.6141784631697,8.33642088985907,4,0.039079909615941,0.190851206606931,1
5685850c333cbd000d4e042f,0.872941948307901,1.47554513286783,1,0,1.29659401145722,8.23502361988205,4,0.059632319435494,0.508388984727151,1
568d0641b5a2c2000cb657d0,0.918423811131102,1.47992921628365,1,0,1.17531512719293,6.91687412277385,4,0.0275069813902706,0.378130354494505,1
5694e7b5e0c800000b5a3841,0.866338416391225,2.32848350116921,1,0,1.24358675549205,6.71373020149647,4,0.0500112925448751,0.334957233790482,1
56b72c28f2fc70000c32fb37,0.683735256882208,2.69310715590267,1,0,1.53328144353403,0.420707241859358,4,0.0884552944411753,0.0071264038686961,1
56e225c2ec0fdd000641e72d,0.8700976492548,0.442636882701243,1,0,1.06127787064262,6.29212358691411,4,0.560475438405982,0.320205399759722,1
56e8bf5a870a8e000b4a8d6e,0.916219338395,1.16904934351038,1,0,1.22501867345823,4.12977804333237,4,0.1642110020979,0.0509359073796724,1
56ec9fa4f9ffc4000ac1941b,0.919420186300653,2.40596882131029,1,0,0.874507196148905,4.6934612420807,4,0.0236757843165376,0.157751466084544,1
56f9364e895094000c8f4967,0.273613513246375,0.24544958114031,1,0,1.30209453812279,37.2935290838482,4,0.213972587167732,0.0857232130616435,1
570f018053cc8f000f8d4bbb,0.820707552026429,1.60872069690362,1,0,0.749533289731144,6.80063706892886,4,0.0867737083903288,0.485780803578507,1
5769a352f48c3b00016737f9,0.924719491397464,1.22563359736915,1,0,0.992109702510534,8.1922480814208,4,0.0876966544402337,0.41674074452451,1
576ad50bc8a90000010d99c8,0.706314149264866,1.15705064833009,1,0,1.11481383008598,1.56743352908174,4,0.173296174555942,0.0203247843278868,1
577599baca706f000190eb48,0.872797656526248,0.46771964975835,1,0,0.916672528227762,2.44118078100274,4,0.0757659117005654,0.0194500733686576,1
57ad04adddc11d00015bb1c3,0.929478743917536,1.06467356276198,1,0,1.02193928773133,9.60303021225245,4,0.0502388544313845,0.506390129504425,1
57b771677bcf1a00013f2ba8,0.906385566035209,1.9873505210075,1,0,1.79682070614989,6.37769672926214,4,0.0412475684178285,0.35762064500888,1
57d0a0bee3221e00015fe385,0.779440273170161,0.321325899079558,1,0,0.54938281116625,30.5513265216602,4,0.258605575290139,0.436835224859403,1
581649f0b434f0000184d2a9,0.918679752079717,1.82143143361594,1,0,1.13566169172457,4.5036480388678,4,0.0494706971166033,0.212790906552283,1
586371807fbbcd00013972ad,0.827260840153048,1.5185408956354,1,0,0.959283479784724,0.173569809010895,4,0.0286093830729312,0.009083196112652,1
587418895c17910001ea4e75,0.902292686898436,1.48585318188631,1,0,0.77622962215218,7.59801741549128,4,0.0500078775146027,0.730295792193268,1
58935d5d4d77be0001689f14,0.668543739768662,0.597816095989264,1,0,0.624538443286701,17.1524137573568,4,0.0617964829856896,0.191486582966712,1
58a5d6527cf56d0001f92567,0.928846433453683,0.669432128058423,1,0,0.74720185074688,11.1956018751388,4,0.10717196066088,0.677046385382694,1
58acbfacea3d11000170e99a,0.903555814682736,0.731338517465704,1,0,1.73394394294647,9.07355125918012,4,0.0456666333033626,0.500589279934673,1
58b0d5e700de9e0001863385,0.924276902611753,1.55744728896626,1,0,1.05768493459209,7.79118303869213,4,0.0297813715322858,0.504187966257823,1
58d2cb10f5899100018a05b8,0.682841444586477,1.11052945501192,1,0,1.3736001920852,9.42476785604172,4,0.193844059165762,0.302559054668947,1
58f90ebc3f4fef000199e2fd,0.907365531054657,0.895574305667622,1,0,0.820614992804074,9.27509264880675,4,0.160056421916114,0.770204125433903,1
598fba148380cc00012a3ce7,0.804059414990815,0.204313538255607,1,0,0.722737774511204,19.7658489077835,4,0.385381121324179,0.659532636277079,1
59948cbdcf1d1700016efa45,0.925018022713012,1.02977689632769,1,0,1.67756306069718,8.14720915342003,4,0.182664794249401,0.608472602812874,1
59ae8d282a78fd00010b80e7,0.909239714642273,1.21026685587922,1,0,0.842289759840511,8.42656339927945,4,0.0660351578273313,0.401141392642691,1
59c0782e5364260001dc4740,0.301589004680909,0.224712705612563,1,0,0.646971510664644,26.4316322293419,4,0.538678050935886,0.150903986342935,1
59dc458f77860e000151240e,0.902303412475067,1.18578751847287,1,0,1.37349714752756,8.33307134950715,4,0.0282618244897701,0.121629959478372,1
59f22a9fd6380600018b2929,0.825613614213489,0.381110221881826,1,0,1.27564360794626,14.0562147623142,4,0.549148251916098,0.400822501161242,1
5a348ea750833c0001ee9550,0.891078744213364,1.25871508994423,1,0,0.815110677816445,7.54036539675484,4,0.0819400995246706,0.537898104439142,1
5a443812817d1800018d1179,0.923319033548082,1.31933961004417,1,0,1.59155396209112,8.48740799528458,4,0.0326043032381019,0.40994072050766,1
5a5ec79cacc75b00017aa095,0.925933395038856,0.596505841958353,1,0,0.92282062206003,18.4072717881123,4,0.128534441945426,0.659849761007147,1
5a6eac90d5d4cb0001d6815a,0.920774219368385,1.45958727747477,1,0,0.867869016591431,6.19876154559867,4,0.0403939370608901,0.43210728897711,1
5a95a63e4eecca0001dd4cfa,0.832994021069043,0.611750925926218,1,0,1.06982288997543,11.6969055224332,4,0.108355767894682,0.447683893534353,1
5a973481f05361000171dd86,0.914610207556089,1.00340073998125,1,0,1.14121812119154,10.7117484471631,4,0.0552974113376326,0.489210988311818,1
5ac53209fa3b4e0001736f22,0.893967729006565,0.463990584543585,1,0,0.734178287859423,13.3593860130831,4,0.385820297493746,0.081264439379945,1
5afa19a4f856320001cf920f,0.467223378731506,0.308190383937699,1,0,0.678515312892443,47.9953912340146,4,0.293186233246716,0.119847663671288,1
5b23d0784fb0d40001e95407,0.795278809361297,0.456665069816133,1,0,0.773466366556826,26.1775963763838,4,0.103593440328703,0.174007101855505,1
5b78542ef642ed0001517ca0,0.890236842410424,3.71029124191939,1,0,0.936424494366702,3.27035241775458,4,0.0654568366332156,0.469890825748408,1
5b824fb6cc06660001a302d4,0.693696056517352,1.53287230300807,1,0,1.58643642442673,0.383183590485056,4,0.0716631587485318,0.0132724134882065,1
5b87b6932be8a60001f74588,0.427545230977812,0.286214721565076,1,0,0.503948222059092,16.625311761268,4,0.600454685424221,0.164290711953518,1
5b87e73d53303600015ea51c,0.949292120802826,0.936286668459479,1,0,0.470866535139761,10.183743695203,4,0.0146921412995259,0.493889351810605,1
5b915c9d22d85d000115c0f5,0.919865870999155,0.297519185598862,1,0,0.844606029532394,19.0973807844628,4,0.790216527273577,0.315726991866218,1
5bcc60b95c2b810001dc68e2,0.291587716911135,0.453909175555991,1,0,1.50298067150133,21.2596287598317,4,0.0628904090922063,0.0805206204166859,1
5bdce4e219b9ba000157e993,0.890250890437734,1.00567763136601,1,0,0.683706715672565,9.8952305955253,4,0.096491611839203,0.653529018869648,1
5c095f832570ea0001642474,0.913697279419663,1.48980969662862,1,0,1.18023529361931,11.3838899076001,4,0.00811399516307,0.0822104339242679,1
5c0cb29e1b80df00017843d2,0.790553582206264,0.492426492709257,1,0,0.5786885244658,6.69595730561237,4,0.487552935255995,0.426113108737191,1
5c1188f4aa52ac00010697a6,0.853057380495784,0.388218280177567,1,0,1.05225500874722,12.9218225362335,4,0.126791161409095,0.19512366522059,1
5c27f83289f035000174a168,0.935741273509912,1.31531396477084,1,0,1.16065465478475,10.330115733735,4,0.0329116385417756,0.507373057499315,1
5c28feff5ffcb7000128a541,0.873350291110174,0.169286333057942,1,0,1.19146145962298,22.3807480154898,4,0.629333256280211,0.178082735693841,1
5c32e9588573070001641744,0.927033133164722,1.83371387005302,1,0,0.765038110414123,6.25163182774259,4,0.0390151565578214,0.370968652894106,1
5c3c1617f5ebd500018596cb,0.185329308745407,0.269080654602105,1,0,0.468879164763971,16.7417651936246,4,0.558872956235054,0.0427441363075463,1
5c4ea6cc889752000156dd8e,0.908422452879257,1.78751023859194,1,0,0.906534901971124,5.49274741211416,4,0.0247661976517098,0.100352171881595,1
5c52bfa7d3cc6b0001d9352e,0.906821219119407,1.04507525153179,1,0,1.20374751257135,6.94512448401844,4,0.062927196863192,0.452968871913262,1
5c567e2acc53750001751cb0,0.697555689873183,0.266876611083286,1,0,0.772174074903,26.8039934485223,4,0.511694460186604,0.386622660127699,1
5c61ab19776b38000156cc95,0.914899803162488,0.714692891268636,1,0,1.0549993757741,2.56591884746186,4,0.418103887556424,0.031108037586259,1
5c699a5d21e90e00018e80b3,0.686263875840594,0.464710000467532,1,0,1.35586741723882,18.3236763115244,4,0.18299219070568,0.462370193146567,1
5c69f9dd4b5bb30001b3d31c,0.892106228280028,1.61812110192351,1,0,1.12950825687283,6.34559374978403,4,0.069513981769046,0.219983178480742,1
5c9623dd35599200175642e4,0.936025445652019,1.14002143995213,1,0,1.38802923237798,11.2638063742977,4,0.030083973182365,0.362638119771071,1
5ca749ff98b35f0001f7559d,0.952783203076317,0.904867760431876,1,0,0.870060486947129,0.388662033842898,4,0.0070167065159465,0.0246518593967904,1
5cad159b9488590017fcc497,0.887380536109009,0.620117292816421,1,0,1.24228306756493,7.18435546815742,4,0.193278674792769,0.134745205875869,1
5cd08e2ff59e0a0013563602,0.266443375172368,0.291221793625991,1,0,1.7478479066754,14.7167462308384,4,0.123595274472017,0.0308295194600749,1
5cfecc1e96681500168a1799,0.860556501694753,1.32949666572089,1,0,1.46537397304478,9.36915795707037,4,0.0490641251947839,0.386343630374801,1
5d012930cfeb82001817c9c9,0.608623598845372,0.456095984098669,1,0,0.498944886893198,17.5889624980556,4,0.359924036148622,0.139451519095832,1
5d016916c12fb900015320ea,0.805002514817313,0.212351745842305,1,0,0.785660931011701,7.70555881639777,4,0.640830691762901,0.187389219743037,1
5d0a8a22c0fd80001626e38d,0.865535493243389,1.07432358671145,1,0,1.38390578038532,10.8129362616042,4,0.0917418100847916,0.672719191834935,1
5d2e4267565e1200017efb42,0.857565675510219,0.430157004913606,1,0,1.5433066594061,5.39327166273718,4,0.473543723389806,0.036641435468644,1
5d332957d0635b00013bd785,0.865867491897239,2.30725607090758,1,0,1.35334785482137,5.81526795575408,4,0.0464448507634106,0.288112240934186,1
5d3f5c8f0d0d29001a4bd973,0.784733634022982,0.214785997168739,1,0,0.636127999189154,22.6311871743097,4,0.780318965209857,0.569894404233539,1
5d453e8723a5bb0001492546,0.814005037965229,0.602398928544197,1,0,1.30038055627577,15.498362998867,4,0.250548287261333,0.4337838170963,1
5d50feca50bdcf0001e8d38a,0.90384307581675,0.207646290819865,1,0,1.65818765995371,18.5315025817097,4,0.477591916899252,0.479789225704821,1
5d586fdc8200f50001f03a0e,0.244796132356128,0.929265007596475,1,0,1.7877994035356,10.4985006008055,4,0.0183726827668826,0.0283614071713769,1
5d612ae16512d700159face7,0.226729993722832,1.20367778512486,1,0,1.98307256357606,6.45740121862183,4,0.0347824530793052,0.0330093775234676,1
5d6b596f76cca6000166d81d,0.932619754171401,0.757167419443923,1,0,1.64081163586644,13.6713117063912,4,0.0974258021647199,0.657236346464071,1
5d6ccfe1eeecbc0016213d93,0.369103881113397,0.306873812759508,1,0,1.14844318395288,16.7770996885206,4,0.149414517790331,0.0400795967924858,1
5d7499693e40c60001081af3,0.889774516773193,2.04519523190594,1,0,1.17157786404116,5.14895454159432,4,0.0344406120458342,0.123342172447056,1
5d7fb79ff44487001807463e,0.90433500679077,0.61389480170079,1,0,1.57549669541147,8.45558615516812,4,0.0564119668135053,0.0817852013552214,1
5d849ee0a954540019f513dd,0.929803242755681,1.32530343695272,1,0,1.36310588260981,10.4074670385946,4,0.0353488835537481,0.654693273185927,1
5d88f2f8cefb52001a83f1b2,0.896761520341024,1.13621823240232,1,0,0.967093539872089,5.29218846414312,4,0.0948550547375238,0.242562859568721,1
5d9bdc6ff7bd5b001547ec77,0.857733322127184,1.57692196023353,1,0,1.07090214878649,6.55949611463275,4,0.0619119119908231,0.471589216263059,1
5dad4c34b3446a0015e3de93,0.902928948403292,1.36836488473102,1,0,2.24859747557409,10.2243113019762,4,0.0768485104749158,0.633795751712565,1
5db0a97f127d4000117cdfa0,0.518801115943782,0.97923266401964,1,0,0.686889751403758,6.25673071780775,4,0.741546618595449,0.88236237988545,1
5db4ef4a2986a3000be1f886,0.919509816558514,1.32726235972455,1,0,1.10896121055601,8.72707476956616,4,0.0599650279150342,0.36369924076298,1
5dba0ce7001ffa06b367c544,0.499602121733005,0.335625203415151,1,0,0.959493043535334,9.32647841756924,4,0.217559072208416,0.068759121421021,1
5dce29700ad506063969a4a5,0.911967160177147,0.819010120355085,1,0,1.30159418079756,1.04421781722982,4,0.202203067097665,0.0181690164998845,1
5dd4074feab0423daf012f92,0.884604322795285,0.754477068640336,1,0,1.08260691059028,8.55362464930208,4,0.124089273612098,0.245969349404674,1
5dd42e7f35cf744223c60d1b,0.399664728850612,0.362445692201989,1,0,0.702726552204126,17.6806729378512,4,0.316785712218821,0.103932677306322,1
5dd5c04f86c88658b24d4cde,0.942143096392709,2.37042479744027,1,0,0.712044547963629,5.09286644320985,4,0.0159504774592068,0.576670264562252,1
5dec8925be656d35d4005320,0.56221916498823,0.690473453591939,1,0,0.71380244213685,24.1525133404741,4,0.221943926099248,0.108553130373631,1
5df4565dfeea89323021ef27,0.899689465244142,3.15674174661192,1,0,0.763862278784163,4.27654341990061,4,0.0494297583845901,0.644064874544272,1
5df6542c1e2e5844f407f08a,0.868210040225963,0.192808620994026,1,0,0.628647711478979,17.4436855805855,4,0.532833869784921,0.180643334823991,1
5e07d174da6bad1342bafab2,0.907359732208672,1.0777561793269,1,0,0.859444295583686,7.7702984147153,4,0.0982618013530233,0.743358652805869,1
5e126c25a98a7a8fab258f14,0.870366283056059,2.7683192402018,1,0,1.09138903777196,5.72054053238939,4,0.0464767826176843,0.101526346342324,1
5e13ad514c81b2a01ae4aa9f,0.931690936526368,0.812426553401888,1,0,0.674533934980744,6.13066284630708,4,0.281552000765161,0.452486421095707,1
5e1553fd1e2e58b6448d8dcc,0.886965136166468,1.22704563164516,1,0,1.0206388518559,6.47807636394157,4,0.0231412807105945,0.132566037506351,1
5e1f7b2a4c9b832b34e7c9d3,0.894527102361016,1.69145924544257,1,0,0.772527935836674,5.5075803716159,4,0.0349688638362476,0.105269058350431,1
5e249f815e04db720e47d872,0.906936858681314,1.08626898634375,1,0,1.63103623692475,8.19891875837166,4,0.0456234596667582,0.230124719688044,1
5e34325430e5263f0bebb32d,0.55224310288366,0.264295603997616,1,0,0.550335983911159,31.3861586292281,4,0.426850092548689,0.499606663093194,1
5e42f74f5b772a18434cabf7,0.872586352225973,0.525355848885359,1,0,0.548297026244402,6.3499069852296,4,0.487450701973159,0.182079175687121,1
5e4c0ba01ae5a4000b539387,0.596854083162256,0.139072522284175,1,0,0.559414696929253,18.2268945807492,4,0.637915202155004,0.166605471967782,1
5e84bd7c34d5d9072128fac1,0.765988762421682,4.75883695094291,1,0,0.896700026140627,4.71458427097778,4,0.0403946408765776,0.397478842125057,1
5e863db644d87426bbe2e92a,0.94984556476053,0.974429865227296,1,0,1.15876915780389,0.473595437016945,4,0.0126073521593691,0.0374786241751028,1
5eb041548fb5a50b442ea70d,0.90406034242483,1.62556297737331,1,0,1.47273277429013,8.29769063639732,4,0.0591582012788678,0.397090557023983,1
5ecda7f6509c241275db7396,0.880461135371842,0.737092320033303,1,0,1.24668290940109,6.98150538443969,4,0.0476474597698402,0.0601621217466887,1
5ee09c1a0c2ad1027f541f53,0.61895401888123,2.78519080902734,1,0,0.865027221701301,0.355334062034934,4,0.0640782090975277,0.0101547216628785,1
5ee1236e7f235110ac6c4ff4,0.280948121860506,1.2234437142593,1,0,1.63704671560996,9.36901886847224,4,0.014135890673774,0.0311395138541178,1
5ef0e873ba594769fa910258,0.717256632722276,0.184215643201158,1,0,0.695976479553031,27.132882042123,4,0.777060944675322,0.213781995087769,1
5ef8e0fc2ce3c6644665e347,0.923838018182076,0.34632004296937,1,0,1.26355213154402,9.26393603039509,4,0.304802363688961,0.0824694305235065,1
5efaffccf90911000c95a3cb,0.68545745942704,0.352270742780681,1,0,0.884526851999991,8.46670977792827,4,0.345705007164359,0.241489722042686,1
5f01d812e83c5732b0dd15e6,0.711493930083531,0.168051233045053,1,0,0.506523270076854,15.1280916674742,4,0.614844551329244,0.303906755743043,1
5f0fa5d6f1db6e19c7702e0d,0.788040422603651,0.308401392218768,1,0,0.568322373360768,20.2565895891877,4,0.435683202089154,0.433695364652856,1
5f16f559325a640008bb9a07,0.577175625669391,0.60470013292319,1,0,0.605224365481532,18.0172083950366,4,0.148918604718241,0.226992666225852,1
5f23ff398626c51fdd6c3fb5,0.873755688890608,0.22414497586062,1,0,0.848002020563366,6.72081607974142,4,0.766317425047642,0.304910841323163,1
5f2a12f5837dd81e5881b7cc,0.658305007081178,0.918298705664299,1,0,1.02390774785644,15.1496193035905,4,0.233917520626822,0.102283333840757,1
5f2f8574ff256b37b1970220,0.779023597248253,0.156759979609991,1,0,0.65019200117694,20.4318172506858,4,0.692660397483612,0.330312525161615,1
5f3d6975ef131710ed519c7a,0.545794452689656,0.17389755260212,1,0,0.488297088553055,23.8219877569413,4,0.523197891581709,0.142328334945993,1
5f4a835e9e84256238129995,0.491308480330036,0.832743786636386,1,0,1.66990465107867,14.254734544829,4,0.147376116938922,0.256308991850629,1
5f51587f36e91f38fbf34c23,0.782977581564926,0.490890864317234,1,0,0.993461454777089,22.4408749103327,4,0.239586072551909,0.218811663129764,1
5f57293333c15219a0bc1073,0.518706774940801,0.534202246304518,1,0,1.32127956614789,8.15449491295907,4,0.804451366346942,0.812223984200684,1
5f597e39254a691df1186a21,0.896942001492556,0.593750402566124,1,0,1.07957407486944,17.609704165313,4,0.0399447856186139,0.236745386015652,1
5f5fef6ce0809f0d5b3cde5c,0.940303337705687,0.351015236331545,1,0,1.09505831221298,34.0671449359929,4,0.0492393590778815,0.519628037409505,1
5f6666e43be0b923d23c8df8,0.839565655661055,0.211765841541608,1,0,0.683003442748868,19.9828481906935,4,0.635043878079372,0.151054961023266,1
5f712c16875f0375275c57d5,0.884566442667736,2.19128084434718,1,0,0.773862486856197,7.37357892598815,4,0.0674517049331846,0.591245116403978,1
5f765a3c8a6ec010370c9cc1,0.879325645610832,0.464583731389773,1,0,0.695983898116987,15.3384145692664,4,0.0899652676187174,0.293049650270802,1
5f7694edc99f3112b494e122,0.935716509186353,0.371447400257865,1,0,0.75441447099364,18.5013055628677,4,0.770894125210383,0.101862442201639,1
5f81fc9446ee002f681ea5e3,0.819601231386847,3.13214487953429,1,0,1.14345294357138,4.93043305770107,4,0.0756728624425885,0.563070931719455,1
5f8b3c348183d30f91832a2b,0.900150828153592,0.834734231841547,1,0,1.37728106883882,8.9671494577706,4,0.18924610948116,0.628071178196286,1
5f8cbc5c355ea745e6cef2ca,0.879213160428906,0.885719524679799,1,0,1.78911501560021,5.76686927779931,4,0.336940303505516,0.0227288572648127,1
5fa4c21a04bc5912180291bc,0.415662870261078,0.419836082064572,1,0,1.45555928835331,26.2657096340487,4,0.220638127412767,0.22301011358549,1
5fab34d5e971f1617667232e,0.166632319042035,0.564143622024606,1,0,1.7341305100679,8.37979092136518,4,0.207020377378422,0.0258408925224508,1
5fadd628cd4e9e1c42dab969,0.872528872833592,2.25996766376526,1,0,1.14123127391688,6.51801649344998,4,0.0469462054814449,0.49003418307313,1
5fb7dd473afbb1033b491811,0.7605231046708,0.150136637258407,1,0,0.547843090763941,13.0670652827099,4,0.5490668040317,0.0801652178124233,1
5fbd92e32c9c841bb352e09f,0.918587533649046,1.37704441623932,1,0,0.759766039127996,8.78835620813346,4,0.0852331799852922,0.631702992082087,1
5fc2a5c0ddfca10169395662,0.910549349643588,1.22094696038676,1,0,1.07859308086335,0.221475496713517,4,0.0183441630378687,0.0119649420466509,1
5fc58cd91b53521031a2d369,0.879982468266171,0.439150142368086,1,0,0.963092190071583,17.7097389426662,4,0.0353978619929178,0.197051947584654,1
5fd5381b5807b616d910c586,0.869452178474533,0.899536793749097,1,0,1.17417486955147,8.1975146756466,4,0.0224007113728529,0.0742499075253318,1
5fd7782dee03dc08d3f3f491,0.926003965444605,1.69400874865516,1,0,0.852006779165174,7.05227022020122,4,0.0548027212891374,0.675650650658138,1
5fe9ed6604a1df94eca17a24,0.847644356668668,0.919911939152796,1,0,0.527678912129341,8.11930450073738,4,0.164021933844955,0.638672610379916,1
5ffe235ea848b74a3b3ccd07,0.902488261327128,2.12461011253473,1,0,0.700227796881141,4.92161362067162,4,0.0216101107453882,0.086156198333229,1
60079f45348bb62bdcd363ff,0.901442148970183,0.624678669439816,1,0,0.836773808745249,0.396053781061496,4,0.0264093396505944,0.0163840622520785,1
60147514665c424b4b812e7d,0.899682762936681,2.61374739646444,1,0,0.88632622493107,4.53477662321642,4,0.0638100212610939,0.504774700788076,1
60173ba4df028898aa20838a,0.76611499103574,0.429552009338341,1,0,2.37174576482335,13.5754097967833,4,0.0425968253621788,0.0997007223823394,1
6018a5c0e1600b187ccb8693,0.902682333284403,0.9352033812275,1,0,1.0349650972901,6.93456498060533,4,0.163039479333692,0.611629285787334,1
601a2908d4210b238f755fed,0.893059106310156,0.946580761107635,1,0,1.59107063284937,5.89697308542913,4,0.125253638055909,0.42883550134196,1
601c6342141cd277e220c083,0.797529915796898,0.337978237359622,1,0,1.38679867152115,10.4692720786556,4,0.21457894853059,0.0401228645655264,1
601ee216235cb139ff0a631f,0.582286218874674,0.239287285683921,1,0,0.771566839482541,21.0651427865758,4,0.540491968338734,0.340200440242769,1
6025b3681ff1521a3369dffe,0.921587989166988,1.68399171295985,1,0,1.27026388864105,6.45204290354836,4,0.0431503889040326,0.496215940853564,1
602e763eef81ce9e57528e1e,0.232538746067845,2.74646528897621,1,0,0.894196954509924,3.66237105066083,4,0.0195941150954791,0.0299271726171971,1
6032aa14166df72d4c8a331f,0.704768028517465,1.11362504590604,1,0,1.00782467510379,3.83478526479555,4,0.277532163764572,0.572355668798455,1
60370cc8e1feab5ce84685ef,0.582576042842246,0.161623196021541,1,0,0.845270033815946,35.8048553619428,4,0.53948737167179,0.208319034249457,1
603c92ad5ed1c29cf04476ca,0.748620560502103,0.316908878390825,1,0,0.807500325414793,17.6221652461997,4,0.158586743459679,0.300199957133706,1
604011377e5b121dc3267a3e,0.692409652405019,0.497574526745933,1,0,1.05628734351264,0.366074993395924,4,0.381842306039707,0.754361262602652,1
6051443969acb1800712d081,0.905578348260105,2.53063840741359,1,0,1.03283255088691,5.26022699949308,4,0.0379090736579453,0.564307047069578,1
6052961c99d0779f4f953050,0.893553502703529,1.60628400161165,1,0,1.45010748403848,7.42191484477533,4,0.0680341437707019,0.636165750762346,1
605de3af48d7a575adb95b09,0.903249918367178,0.908255227226202,1,0,1.82295055865769,11.5403743102105,4,0.0197834711243402,0.174951405399184,1
606340ca7faac7025f31dd57,0.903828797382942,1.00198991007212,1,0,1.33672918031192,8.60477459237875,4,0.030238191137961,0.149304230473419,1
606a3cf263a18869ac8ee0ed,0.233070320772002,2.72085209133531,1,0,1.34128793037249,3.50655652917772,4,0.009240695081793,0.0268528889721879,1
60774dd4c93ddbfb673deee1,0.662358588125644,0.352178487055188,1,0,0.625456469393288,24.6913323073457,4,0.27756303233199,0.482277407642573,1
607778a26ff3de83125f50c5,0.90977767604417,1.11734409147837,1,0,0.844175053553669,4.48644528947166,4,0.150401209634031,0.497223144576076,1
607cbf385d3202721e3f719f,0.811748985039026,0.519906386098517,1,0,1.05571009664936,11.9567881904049,4,0.198901637519134,0.328423938412315,1
607eafaf008af56a5a3ba462,0.629482973644786,0.326161496543892,1,0,1.24499828041214,11.4034762807565,4,0.749496454283024,0.637228229975956,1
6091e1be3df7254e526f7168,0.930681732536234,1.55826367453368,1,0,0.840065742821773,5.53229669373401,4,0.043218870603801,0.30165109087854,1
60a7eb63dab0406a75e79293,0.833210282832565,1.30540645790934,1,0,0.965735900368267,28.4294215279246,4,0.0801324512734304,0.316328290791724,1
60b49cb1dc5470789edd23fe,0.420759375027095,2.08765222518231,1,0,1.83295820264219,6.14613697546144,4,0.0075699873268608,0.0308412082863725,1
60be3a1699ecb058103a2292,0.877279753426677,0.419013459626578,1,0,1.03067524459763,11.5964889050618,4,0.0440277356054402,0.0905335378869408,1
60c6e4b6069d11620f91f6b7,0.591095069158316,0.386315628723196,1,0,1.00903802894667,14.6897816780827,4,0.498420495339059,0.359227610786198,1
60caf58c38ce3e0f5a51f62b,0.900398582880521,1.54597463218492,1,0,0.782859383677383,7.33631056063713,4,0.0879315424238801,0.630712613123922,1
60cd861b7d0e8d0ca014e272,0.865418809573235,0.309524580899647,1,0,1.15380046708498,9.43936304971097,4,0.610269625859712,0.283377861583929,1
60cee4ec871f36088fe20ff3,0.721838551067574,0.362231454477323,1,0,1.39234606711965,36.2504107118779,4,0.337428732711841,0.264023603538636,1
60d5c363dd49bcb80e528806,0.92237694829708,2.03927595734015,1,0,1.23322515640706,6.40861336035824,4,0.0202426840874047,0.284443184348131,1
60d9e874269237cc2a228006,0.885539391404153,1.96014948018203,1,0,0.943133465157132,5.87587583661671,4,0.0670874246904432,0.631259874480517,1
60e36e6ecb9f00e7b4dab92e,0.866073797897145,2.10847637681444,1,0,1.14416167754076,7.22301387775333,4,0.0340827658418687,0.357518240872549,1
60e792f25e9ab875f9605cf5,0.758735669518588,0.228406176547081,1,0,1.37188234313858,22.9880966580627,4,0.316761561281029,0.209806926556712,1
60e8b06bfb1c78d450ae9f79,0.533323051334672,0.342570753221739,1,0,0.94443257029494,10.8352972666455,4,0.714554274323571,0.674996894746334,1
60ef2700e476748689a999f7,0.923116914091369,0.797388016154922,1,0,1.10851729406583,9.31808651412505,4,0.0470752590507606,0.282834162998584,1
60f19b1807eb96e727acb757,0.879141781263333,1.59561940272444,1,0,1.25999893806591,5.48997223500438,4,0.065875679904242,0.216741478046504,1
60f4a2d142c69dc1121b6dbf,0.897496105538059,1.03897938718859,1,0,1.21915013375294,9.3633126152529,4,0.0880055817526962,0.480745343520193,1
60f6ce6de6cf393bcde0c14d,0.135587022141615,0.17067274527761,1,0,0.702729673926447,16.1849715549604,4,0.394012071045472,0.0335263717864958,1
60f8cc430a3d06de34a78773,0.332578296597077,1.15447168174908,1,0,0.632305268698272,8.43233769033142,4,0.0278179011555607,0.0257281315829987,1
60fa0929b83c13a26cd1b8d7,0.7178333650996,0.437034814178387,1,0,0.734296760694951,19.9750370264903,4,0.224806389056313,0.316549893810635,1
60fb024cbfd74cc251c6f9b0,0.889033850858474,1.07132484076223,1,0,0.888014238425465,7.44295056041061,4,0.0326758763123663,0.186971791479678,1
60fbf61d2b955086ac1b1331,0.949534935919641,1.3368847546507,1,0,0.642421870208868,8.83183357396879,4,0.0416114819072746,0.448824133448031,1
60fd6618f9a377f54dcdf318,0.904770683257878,0.973219478645857,1,0,1.56765707224369,7.68853879843493,4,0.0752193695205865,0.388120955774256,1
60fe8de5380ae67bf7370ac8,0.654401604067439,0.536035243880999,1,0,0.854561187654682,7.3098707664396,4,0.577283552328232,0.769452751674187,1
60ff2c3d915d23318b73ae8d,0.842031135779259,0.588180688251863,1,0,2.02223253921309,6.91213713040303,4,0.257683489803538,0.141368823417492,1
60ff7c8f4f066ccf6fe05587,0.920114331544626,1.73108642546054,1,0,0.931567011828143,6.47910105114755,4,0.0401745333152359,0.70098766059226,1
610008383c0a128712403745,0.823058645465841,2.30165761793354,1,0,1.63976788441758,5.56256082339526,4,0.0399423433936524,0.338623874986714,1
610038371297afd6f2db9323,0.889808864549932,1.97516980811464,1,0,1.2208857414009,6.33564814698145,4,0.0305634763644114,0.502354806391698,1
61006b0f1f3bfddb6b4c5d55,0.904375790337254,1.69044697108689,1,0,1.00586767619075,7.2432207294523,4,0.0212419770410066,0.155835033007,1
6100ad3174a06d6fb34718ce,0.922867445999911,0.973679099212114,1,0,0.553805591909933,11.1716655191393,4,0.0661042236413312,0.716975064410939,1
6106e56a30bffe5aa77176ee,0.953620525278716,1.06660814866992,1,0,1.49170278330108,6.62131879014856,4,0.0086329252901462,0.186583210260859,1
610cd5f2b38b2d1bffe55477,0.903483144196431,2.17588309855173,1,0,0.914434841728255,5.72539513365192,4,0.0597290452175912,0.491969117933932,1
611167ed8d09c1e0fdd862c2,0.875206710313001,1.43302072864774,1,0,1.24901657297568,8.1336811817534,4,0.0302681743290892,0.222432409238765,1
611622ddd8be1ac51298cb89,0.770806343694606,2.08980263982415,1,0,1.09004926742147,30.9025555361719,4,0.15875635986411,0.329319553584251,1
61183fc3800e4a722426bc6a,0.897257249291764,1.89366002208679,1,0,1.39119846967693,6.87438028609364,4,0.0419576087034525,0.504708232130657,1
6119b5c448fbd1d8b49155ff,0.920384952045538,1.64942070162938,1,0,1.53609709140937,10.4226567477974,4,0.0557388372965105,0.61140497566336,1
612fa6644526903f736cf925,0.902331157286771,3.25019524922626,1,0,0.760948673290861,4.54797415242735,4,0.0364970621544621,0.646923055167719,1
6136503d70302c9d1aa894f4,0.906096235387412,1.61237677217666,1,0,1.3155184549224,7.36759217342042,4,0.0687579383540162,0.295340966274306,1
613e77b91fc96b58404a4584,0.917518491424484,1.47864607849783,1,0,1.56813944876927,9.70585060396654,4,0.0431644466373338,0.43449862931684,1
61546cf3956218b9a9e5a699,0.910117892544223,2.07745037538495,1,0,0.912630238932925,6.06224433169469,4,0.0388801593062851,0.554299072923359,1
6157e566d0e2dea35730c6ac,0.910824128985623,0.827602397435706,1,0,0.519237129170625,9.88058734435167,4,0.0460812467683945,0.234164853211136,1
615838a2d65d6be56cc96091,0.917217842114746,2.15078148182944,1,0,1.29463695960678,8.2567595344122,4,0.0262622596813041,0.6073489833153,1
6165a91cfe487d469c4242fd,0.914470317536924,0.614809386387847,1,0,1.94273372011563,14.9699965038666,4,0.142371845642362,0.580610399212146,1
6165af4b36cb3bae91f2e355,0.91591464916289,1.00239581077341,1,0,1.68413222427329,9.9391215432222,4,0.0270040448351215,0.091368792493368,1
616dabffda7757926ea7e84d,0.834032797926981,1.24179815401272,1,0,1.02839927077335,7.6833616774205,4,0.0234929108478846,0.0997104661188124,1
61bb392e40db417c1a138dcb,0.879631598086596,2.6093932469005,1,0,0.63529411096476,5.68225035323899,4,0.0493386786686669,0.576868340511511,1
627d1b0ff09ff00d79eb9d35,0.415884467469718,0.0971647287483331,1,0,0.667399351019896,37.9599979516299,4,0.470067293077822,0.242171623611236,1
6287f4819c5fc8c4d48cc885,0.924423630354383,0.630214583679231,1,0,0.904311511419849,10.8435875499541,4,0.0919646406177741,0.582893439973559,1
628f827eeb876ed2617881e7,0.910572614189342,1.04587961287973,1,0,1.2975581640975,9.66249453316193,4,0.0462281436608529,0.592929000464068,1
62926f5a375553f13d68bc92,0.870451951696883,0.18533703468816,1,0,1.42024565139265,3.47290112046875,4,0.542573313386274,0.0375781632765329,1
62a0f7db18a72f2654996af3,0.930879032391013,2.10024073861558,1,0,1.38572656042445,7.16154445418602,4,0.050136598449223,0.486628444617865,1
62b077136224952ffd679d48,0.347274550507504,0.121863651055167,1,0,0.555817283611712,22.5526516130227,4,0.679370702854809,0.145789475325962,1
62b0ff84054c6ca32f481c65,0.652476430499425,0.374191390581504,1,0,1.7206328995704,12.0577385786479,4,0.46785634386146,0.152395167965461,1
62b2c25fa2e87e7ed2da2b87,0.919363054530993,1.6699341802759,1,0,1.24762624945754,6.48557408011461,4,0.0335654368181984,0.350924111410319,1
62b32a0ea4ec7b2c14906e26,0.890722654476314,1.43674791034723,1,0,1.16226629770494,9.35617571998822,4,0.0390494658678097,0.494411444876426,1
62b496ea7c06f67ea068d0d3,0.931668111925278,1.55874270730019,1,0,1.06362032820472,7.76162386579849,4,0.0304538608528587,0.546919785748229,1
62bb42e2f21cfdb280cc975f,0.771512678636918,1.86527567264127,1,0,1.0379463300583,3.01304770586667,4,0.140889746393872,0.472443102545166,1
62c5d77b4eacc0065ba43fe7,0.879792680792468,0.306513863484708,1,0,0.554748492981142,17.01305433131,4,0.161688377868265,0.468708521577503,1
62cd43d66c2dd7ae9ab53ae7,0.38288487113638,0.209104815987507,1,0,0.630125142595712,23.2547896002726,4,0.355477194581416,0.158402596001438,1
62d86c63e2966588c71b9ff2,0.904529363331417,1.17630124964505,1,0,0.646485676804448,4.98081010731845,4,0.155072096283912,0.131908961873486,1
62d8e75cba698660a22802c7,0.91154924665234,0.264193686874439,1,0,0.885177883098928,13.772411702353,4,0.440306352194376,0.480179717490435,1
62d9e46fded6a6209a518499,0.937999541894462,1.02133402198551,1,0,1.3156613118566,10.1271250274453,4,0.0302550599769203,0.30535628542422,1
62e15dfab54f025985de6b5c,0.522222948260177,1.09443681260528,1,0,1.96739496431128,11.3530451945302,4,0.0085410286899752,0.0235353553867238,1
62e19208352cd518d7b2f085,0.906237861833666,0.276530728371113,1,0,1.0475299823588,18.9540056880606,4,0.5421024299626,0.302641197015688,1
62eaf1d2015ba1448aa273c4,0.657384909036301,1.49629605378891,1,0,2.45709950525082,0.70281788019588,4,0.0535994248669711,0.0136817199270172,1
62f1b2691a5ac1c03a9987a0,0.91833638272517,1.28256213379259,1,0,1.02478556226708,7.93082717813115,4,0.0369121510610151,0.370529334393548,1
63038702fea51556c37c36cf,0.939188844708534,1.88893623817263,1,0,0.786990801433473,6.0310583505833,4,0.0173243142761587,0.266071359167239,1
63052f20afc39e87110eb83e,0.809813591751119,2.1265232519391,1,0,1.26656875795645,6.2441564674281,4,0.073532580732276,0.687677889198247,1
630cc9747cb664e8a03c29f0,0.924327535459714,1.26666936049466,1,0,1.21797637624992,9.91697825111444,4,0.0705610521770777,0.422287375639415,1
6316212c1109a3b1bac89fe6,0.903179000160828,1.08193563292964,1,0,0.638550400834705,8.51007757080693,4,0.015130835234535,0.121124375633274,1
631b66847990076d05887914,0.569165184197146,0.252767969212437,1,0,0.620317468176223,14.445107089231,4,0.744672121252623,0.472487919229851,1
63225b65b2d6e889f7289909,0.921991540041971,1.29175757502445,1,0,1.18208451598358,7.62281568365549,4,0.0488985677025313,0.590331833063481,1
6330e50102d0e9d363d139b2,0.921988091632645,1.02164239173549,1,0,1.47362986257108,9.1872387267311,4,0.0366614660241158,0.482230223692042,1
6333926e48c34a5d39353558,0.93097493575129,0.795458821556278,1,0,0.616505980029613,5.51139428004048,4,0.157966504287594,0.0969640497769604,1
63378180a7bc5bc3427e8db0,0.728540008739082,0.359175444998083,1,0,1.13736043357336,11.2664536848221,4,0.497256815863397,0.514315256640724,1
633edc50cfae73d4a72ca889,0.853770199434222,0.683181907663878,1,0,1.43906235587101,14.9363588682277,4,0.282175265666319,0.472719554241172,1
6348846ae221cb4a0efbf3f9,0.211569505696182,4.1601550622076,1,0,1.90585879806145,2.12627170919452,4,0.0086455916498904,0.0291890357786737,1
634d7bba21c8068195b53016,0.592490942028144,0.466422235519324,1,0,0.836647863086466,16.3597701146709,4,0.158850847607179,0.0720026082735904,1
63617d69f2a3425296c8d89e,0.648977525434668,0.172884362145427,1,0,0.991183707724852,19.4414715523476,4,0.500328750749845,0.432738332067233,1
63619eb02e5bd8f4f7bd138a,0.962344210707319,1.4846610391556,1,0,0.90249820306448,0.5088080097753,4,0.006428206912344,0.0328828729212747,1
6376916db0ae9a57d377d0d2,0.201432710036141,0.28424471913878,1,0,1.09241988559718,25.5427360607952,4,0.281631007125834,0.0605767471150444,1
63971ce5ac05acbcf187d303,0.885830630312787,0.674871675406171,1,0,0.90037588024615,11.8193130066251,4,0.0195887334223812,0.139194371945086,1
63bb9d1d25b272b93b81523a,0.496143415801134,0.39590338186144,1,0,1.12585430831982,22.7371019405744,4,0.224342966359423,0.142865394688223,1
63bc7562fc676fcc04f9c640,0.876855784477656,1.73699274946348,1,0,1.55769228402899,6.18987801830038,4,0.0435550746083166,0.388456628864931,1
63cc62e53735576a651d54a9,0.631288593196492,0.321189272803991,1,0,0.838232820759829,20.4744760382887,4,0.0538168044142068,0.159052906886058,1
63d1156045971dc6b0006c73,0.893460460866756,1.77349300097668,1,0,1.70020901190397,9.61777796306924,4,0.084368584664912,0.576378544527502,1
63d13d12c35a12dd05922c69,0.804201952350692,0.389163121909382,1,0,1.04823766623511,20.5003854102948,4,0.219347005348955,0.459582591900902,1
63d193c45e01ccb694993e7f,0.931743820261207,2.11383067733076,1,0,0.906639682117643,7.8797581476589,4,0.0329114701677315,0.371074049556392,1
63d432e27555fb4b5785cfcd,0.897517908783377,1.73203901232482,1,0,1.18268194623071,6.36856475401883,4,0.0457008883615006,0.534986713096682,1
63d569384ae2cf6d4dce7c32,0.817718404387685,0.211175520719233,1,0,0.588473270122156,34.272317977354,4,0.447994876164905,0.177149177841182,1
63d6873b65a6170d64a652f6,0.884112720334622,0.606229276633761,1,0,0.861650754434793,12.7777830168191,4,0.0541711750774265,0.255610850018979,1
63d6f2705562fd353b7948dc,0.944687848204912,0.983296515940816,1,0,1.15557669198396,10.5796905203588,4,0.0222765092000066,0.22362545160086,1
63d7e70fd618cbdb3e2f3aa7,0.939091193556807,2.12139678537744,1,0,0.907256429397909,6.1057701517927,4,0.0283196745356128,0.469606079873048,1
63d85999228b7d6b636dd96c,0.92414570289884,2.20712182721847,1,0,0.851218312596265,5.41904802598729,4,0.0409075076358909,0.492714830938646,1
63d9bbe653e18c0a4e74f51f,0.564523107883291,0.837799479612256,1,0,1.29397454175417,14.3082033838594,4,0.0117693170754974,0.0249479467529546,1
63dac3039dddeaa909a790fb,0.912668601349564,0.84351859963274,1,0,1.07628983234105,11.8480963059582,4,0.0339925240092783,0.236845711321648,1
63e5242d0f2f6cbb94a848d8,0.786538230688991,0.73544798860808,1,0,1.37873956418892,0.429742776552722,4,0.344583939641938,0.0111362870785375,1
63ee65e3470c23cb401ca89a,0.586115264738059,0.156156582788691,1,0,0.961786891624065,24.6753802594689,4,0.350090805038929,0.155568226665164,1
63effbb357025439ef9f8843,0.889388806332937,0.782947565725851,1,0,0.825514627595786,0.802841072287359,4,0.0318432215558865,0.0246237453092669,1
63f78c9346da47f7f8f3aef9,0.920864294821313,1.32808580381863,1,0,1.24212257173753,10.4506247988934,4,0.0744613121384305,0.456291534638308,1
63f78d9a7a3d118594efff74,0.913787771545489,1.84106583845797,1,0,1.39975676563807,7.11686069095012,4,0.0420833114416904,0.631543796321353,1
6400d898fba673e3167299c9,0.934348701336145,1.94065623991186,1,0,0.985753148845627,7.08599392044872,4,0.0191240472753776,0.131672330676086,1
6400df3b4bd1fb13b52727fe,0.905892044267631,1.58136903850675,1,0,1.04842384466266,5.49261947857348,4,0.0250314126929854,0.0987573656425685,1
6400eec38e0aa21ec536a8d4,0.877585871079886,0.623024732817207,1,0,0.343687424132765,5.5170006620651,4,0.453385923027398,0.591994919172316,1
6401307fdc0c5a08d2518c67,0.919404939177865,2.13112500354563,1,0,0.618477309442809,4.43379895088873,4,0.0393231579639693,0.55068916877633,1
640feb5e49b723bcfaad6437,0.810431560117146,1.9909382819585,1,0,0.952463117172921,0.510534102740776,4,0.0883049693194541,0.0156685882357773,1
6410e0ba81f88046afa861ca,0.92690194275044,1.55762311954139,1,0,1.1465464527729,7.40230866681377,4,0.0155597920663151,0.0983537000826247,1
641357b26802e397b5627d5e,0.912171865887575,0.987886169509036,1,0,1.06439181401622,10.5271216088874,4,0.0273327212143255,0.231729770521297,1
64136bf30b27746cb96f7db8,0.891288329377533,2.26947376154558,1,0,1.15186895054817,7.68396366765069,4,0.0506124916799546,0.760916837672355,1
641397a5ea8f5954ad10fceb,0.885220191829463,1.28161812410787,1,0,0.860802392281691,5.21419689989388,4,0.177916895345736,0.457920574158619,1
64454350de7f8a83ebb0b8f9,0.488044567808857,0.495350953026074,1,0,0.719829193700037,7.58435306362889,4,0.741480471628368,0.572788063303172,1
645370803cea22f8fb1f8342,0.929762630664824,1.8371017447632,1,0,1.13276842186262,8.06573174593277,4,0.0248272225034598,0.62874432919283,1
645a0f712b769eff5a97d2b2,0.816154316585764,3.04881469240061,1,0,0.871328015188923,4.81662378858391,4,0.0609013202647216,0.582621870785126,1
6461bbd8b010cffa35d7852a,0.877560031868781,0.573013428718288,1,0,1.79736635605133,10.6999918694457,4,0.0395575180414674,0.0571024140802925,1
6463e139c1cfbd6321e08714,0.931117640891693,5.67032507745964,1,0,1.1533068092815,10.0835653003331,4,0.0416548191947228,0.427370560759737,1
646774e0f86825ab62c37581,0.510112195362787,0.09985901988959,1,0,0.60730337059283,19.1738283788281,4,0.592715157786026,0.21428532965425,1
647c65c5acb91c89819c7970,0.892161834227824,0.453449731527055,1,0,1.196724015553,11.1303346629193,4,0.0765416992950837,0.096645171326421,1
64875be76d98311f043edb55,0.80318273533501,0.814125084438378,1,0,1.49607552816759,8.18604770486456,4,0.129808773581564,0.465943461728052,1
6488eb2841a2c8ae8a7776ab,0.601191497005188,0.193081356166918,1,0,0.732255364161557,26.2909723779639,4,0.60710857131072,0.278964282501499,1
648a3e85644594030e52bcfd,0.379466565727813,0.836592185323297,1,0,2.26603032991416,14.5290234502456,4,0.0063267518274788,0.0263371079775433,1
648ddf3aeff70c1f26ff2652,0.923304754363958,1.28511729888633,1,0,0.814483669242283,6.5341808571168,4,0.0089776196982105,0.141872670906352,1
64ec9ed85cb559b2dd473883,0.863464357163398,1.01908233296246,1,0,1.21693579764145,6.55490187026276,4,0.0737759874062985,0.271877038267157,1
64ed752fc6520eb4d00b1992,0.812955668603028,0.355204301012748,1,0,1.13873470381423,14.2707426439748,4,0.160056217785402,0.345357519647206,1
64f3c1ea663cc3247e8100ce,0.916962730081557,0.548313263854511,1,0,0.686434413247058,8.41103828263802,4,0.0657570325936639,0.243366533292606,1
64fdee2b969a06603ae3226d,0.925959433269978,1.02672511427246,1,0,1.24223270113079,10.2830059597246,4,0.0334582091980883,0.439401831276717,1
65028df3dcbf9224299692c4,0.90901780528963,1.35939053883527,1,0,1.37152719740293,7.17225010696434,4,0.0437407140102618,0.546979030750007,1
650392fe8aea9d3456ad769c,0.849389764687229,0.310667773000366,1,0,0.860764678686568,29.2409000046822,4,0.319717022074523,0.584753314303211,1
650739048d93f13a5f6b200b,0.165478093912593,0.394416599916028,1,0,0.75071033924447,13.0509454207085,4,0.237741338158241,0.0284456153103322,1
65087d8f2ba136783598dcc8,0.250072042422397,1.34862636294374,1,0,1.69451024747826,7.59930591877324,4,0.032207070087246,0.0336149851885182,1
6509b5c86e567afec112af86,0.501755633090338,0.235263711353734,1,0,0.698227635542571,21.902065887214,4,0.309590483522128,0.0952358931238871,1
6509d823ba8e80eb6d142f52,0.938536237762025,1.22532943399058,1,0,1.55218642437663,7.76239970350517,4,0.0086990670819004,0.0793427336649654,1
650a0d3e5d77e2efe1142faa,0.901695983354889,1.35931135688706,1,0,1.53091311998326,8.7569312335766,4,0.0253125710321797,0.401767343290215,1
650cc5b9b1d873ca190319ca,0.89821070990558,1.13101166554353,1,0,1.17367433817411,3.95057612843383,4,0.147029531924875,0.0696918040150072,1
650f07628a3af129936f8c33,0.900133665237443,1.33171276781901,1,0,0.867349026205992,0.384451429165402,4,0.329301886491011,0.013818540373574,1
6510cd961db8436e29a29680,0.91324728624864,0.821194571699672,1,0,1.47287099807221,7.66814571505494,4,0.0232729866043875,0.0761486397256416,1
65170efd2a0e6965260a7fc9,0.410577192833359,0.206519585416703,1,0,0.703062683141725,29.4206843418377,4,0.276715751514738,0.229777766215731,1
6517301b6d21d25e19c7e501,0.874555283249565,1.22776370480457,1,0,0.95245094386873,6.23254025587175,4,0.0468638550439907,0.396626487969997,1
65182e1e10132ff1a8d56997,0.694370013372323,0.248431683763989,1,0,0.708479493056879,15.9626837805161,4,0.359701955527208,0.124690376097316,1
651b1eb597d19205a5069db5,0.92096034113829,1.39966117588943,1,0,1.37861283188251,6.1722936357754,4,0.0357288395949327,0.368585437725929,1
651c02cd725ed8394f32b100,0.903629751497336,2.10355568505616,1,0,1.38749925929477,6.46849444060025,4,0.0686832890780537,0.783558705385613,1
651c68265a8d5b5c6d589acf,0.806342407069775,1.54500776497673,1,0,1.05274070339499,5.06419157302517,4,0.0277626099369915,0.0780419122523628,1
651d6bb6247d06978a8cfc85,0.739210261293891,1.85299309200492,1,0,0.976940207906375,0.249488100566077,4,0.0875444596169615,0.0199546374437424,1
6522a86994a5ce0d7bb9feba,0.719079770713723,1.16413042353581,1,0,0.920281279035218,2.276760330696,4,0.499633276170117,0.488542040969239,1
6522f7d19936291bdad7dc2a,0.884190622783971,0.253531483830701,1,0,0.691991531359707,6.75203639637348,4,0.426365706668288,0.0617985647192632,1
6526e6db8f0e2069023a4ba4,0.251774318777544,0.22186392353075,1,0,0.723139502863859,26.4374855800437,4,0.530561262345129,0.0756179188623018,1
652ab7948cb59f4c50c7972a,0.735059332523703,0.324487014597166,1,0,1.17181983248539,6.91628492309053,4,0.765521253986536,0.561185312298191,1
652d8a4cd08c6435db58fd9b,0.926638303361008,1.24910858696922,1,0,1.23814627683588,7.58369983347107,4,0.015340104888408,0.118729198156957,1
652e86d6c622d50f8f92ce06,0.882310625310593,0.773281836499755,1,0,1.20052086110192,9.47884532826019,4,0.0267952795770526,0.232507304009112,1
6531958a74d39ace86a60bd9,0.47482545667432,0.894281920110036,1,0,0.842126961958552,17.1734099563897,4,0.227579486074091,0.110897563205678,1
653a89a9cf6755724b6e38f0,0.92398413135303,0.853248643868936,1,0,1.82937125080649,7.93616100972444,4,0.10466317344879,0.235443040454418,1
654169aa10550ea538d099e7,0.88641692997553,0.156370254022625,1,0,0.762298712901954,22.1121625832427,4,0.861717945230385,0.42614265815627,1
65425c4273e7913dcc795ddc,0.922195445165029,1.83272408227813,1,0,1.01366642596531,4.86022962121337,4,0.0764589934014529,0.311846703748857,1
6543ae60986d42c7abb2e78e,0.675967923352474,0.133626110753727,1,0,0.980996023321586,29.409433152146,4,0.530077084243375,0.478341735603802,1
654479967bcbed623a65a831,0.764146311131982,0.241019200049786,1,0,0.791397247263659,21.7234275481341,4,0.125067508617748,0.231327454971046,1
6544b95b7a6b86a8cd8feb88,0.923777764539558,0.867794542335955,1,0,1.18617055106762,6.62077199004353,4,0.164322872077247,0.275731179064745,1
65456ebc819cdd5600552571,0.885914911661176,0.951239616291961,1,0,0.775638366112993,8.23193574371533,4,0.0266353363984608,0.0760446725957757,1
654652acd5eda75680390985,0.930807828712059,1.43472780639149,1,0,1.39044441695763,7.32761337399798,4,0.0376539554434776,0.576685605583149,1
65465ac216a26bebcc8d8b02,0.858976938847623,2.01054337104326,1,0,1.07341310391956,5.76487192090103,4,0.0516605130589142,0.390378832997039,1
6548bbb5d378b15bd8e187e7,0.882949043647057,0.506459919607589,1,0,1.18506325767504,4.77558547239088,4,0.0367924697461003,0.0554096282172881,1
6548f1c15e6d25e5ab40d001,0.886094995791609,0.374168904524136,1,0,0.941500611249929,10.2297529616732,4,0.114653185861921,0.340452609693213,1
654a430b10f03af91bcdb7b2,0.918467648498888,0.589593608981528,1,0,1.45465603361984,6.60920175069381,4,0.169222308144203,0.0811567715122844,1
654e8ea6a71150429fcee0d4,0.923488388336801,2.39815908713935,1,0,0.656225296659296,7.23359474798335,4,0.063176659408193,0.758204657367821,1
654ee481fcc1748009be867c,0.357399000831383,0.243271150962987,1,0,0.503298490164839,17.8373513994585,4,0.195135284610843,0.0766075762467866,1
6550ea5723a7adbcc422790b,0.843719618854158,2.57825595733098,1,0,1.52759870052514,6.2159988478168,4,0.0514074095940868,0.368232540859168,1
65550ef99d149b5052b6d924,0.891893272483626,1.78146026394615,1,0,0.515980210039785,4.42447244921131,4,0.0828546089255796,0.662919159545774,1
6556a01177d7a552a0819714,0.865818465318151,0.217413409719398,1,0,0.785225643912395,14.3622535960041,4,0.488905017097167,0.244324089847436,1
6557311b0fd795ca70b212cc,0.603494778075239,0.349073030537056,1,0,0.593275540301102,16.5007818186425,4,0.283513772621261,0.248467418165327,1
6557ebf8541bd32382739c1a,0.908861686262041,0.555440678681501,1,0,0.597101460002138,8.08193995802552,4,0.162167252721733,0.244864364203842,1
655a655f62fde845d4789149,0.8519982628824,0.790095586836761,1,0,1.57466650054247,10.3070553435496,4,0.0211384416290382,0.05798540748363,1
655be887bea58a8fa4cc9a48,0.622615642729741,2.50451148763267,1,0,1.30507749263224,0.786332931080498,4,0.105514749096164,0.0124999504035038,1
655f8edb8b128e01321fbf88,0.78419616669597,0.822828281701191,1,0,1.00866724788995,4.69956308619968,4,0.585969318248877,0.654850278824135,1
655fc6a4919a4ddb98818d10,0.726886022074286,1.07435458202868,1,0,1.46125734841372,21.055197774403,4,0.136339838244442,0.251607675313942,1
65627c72163e4c5a24c985fc,0.814763840886671,0.706589880980786,1,0,0.759247019984374,13.0535376637523,4,0.103927752765585,0.401663753437524,1
65634fb1ae9f62c99fa4ea1b,0.950929774030497,0.884621773417094,1,0,0.638435898645024,12.5679508875634,4,0.0503194312107913,0.498936130040595,1
6565f2f48b9c168ae6c249bc,0.6880032229698,0.723722508278386,1,0,2.51795561974569,10.9097308404552,4,0.0175638767653605,0.0233363159518218,1
65674d4267c6b5f436246057,0.905286840372477,0.602305548095313,1,0,0.722694712813101,6.8199194500595,4,0.278018943639487,0.540330188526374,1
656cbe939b8a5cc866d7ccd2,0.93053114596581,0.917849820035929,1,0,1.14055204213583,7.32485774205679,4,0.0762004931568339,0.112365536093366,1
656e57a72605815bfb770fd7,0.837851769944769,0.47546330597078,1,0,0.711712233420427,9.61058914120071,4,0.17862376860247,0.604877572661382,1
656e8efb6e6610ae2d831f07,0.698440675845002,0.141383204111265,1,0,1.1061317149622,30.3065277584584,4,0.779922421668911,0.312248411901726,1
65761328646d5bb2adf235d4,0.698639461172073,0.154256136126756,1,0,1.01296945051919,14.4746822077901,4,0.621430916496999,0.201565997342714,1
657a5182376b4cbf1cc18bb0,0.921946351941147,1.22778490855585,1,0,1.36442156213956,12.845411550069,4,0.0717554460642874,0.741846446587004,1
657a6ecc62c29be44b207d5d,0.877962307409957,1.190083237153,1,0,1.26762259964527,7.9441089678356,4,0.0157895216836537,0.0590549844521398,1
658050b8b9967cdee12d906d,0.906459052507976,0.875471353790008,1,0,1.53675988106789,10.9922878051335,4,0.0355068786288868,0.235333593672885,1
6584799f35ef411a8fb9fdb6,0.460099055722319,0.195299899174568,1,0,0.69946957368371,16.0161094208756,4,0.473468879484692,0.123205774414836,1
658f8c50f489cc904ba56539,0.916987961125421,1.22515793455144,1,0,0.941503348145722,9.13860641265699,4,0.0429511074432219,0.650821685497438,1
65941a31ef6259a83e91c5e6,0.885057743193473,1.73427726716378,1,0,0.997314113837056,4.13181020435459,4,0.0799741439248181,0.203677463567842,1
65959a63cb30f7348aba06f0,0.872705757295825,2.00301373056768,1,0,0.936941662043505,4.8733961838705,4,0.0864179322773621,0.568173416665127,1
6595e3b4dc9090390e4edb5f,0.938830830706236,0.981557244540738,1,0,1.41792677001708,6.06559588468794,4,0.130783101275739,0.106751379097386,1
6596c3663bd4674351a26eb8,0.872825264255276,1.45727606319038,1,0,1.26980847765311,7.50397905142959,4,0.0510084400050989,0.5220543547388,1
659ab1b4640b25ce093058a2,0.781985055744995,0.458803578539754,1,0,0.9127984797657,13.7501459157041,4,0.0297944215898766,0.0530990540976413,1
659af325b14ee5c28bf4cb01,0.576908517601843,4.89062348873849,1,0,1.08114005452208,0.117061106013553,4,0.0412319196827231,0.005934213138479,1
659b6f2675eef229eb252803,0.837318691240936,0.769891544403578,1,0,1.65381312112126,9.93930241967467,4,0.142557602363212,0.507568913260694,1
659cc63ff59c72a20e2b7688,0.904947127657676,0.949583707048707,1,0,1.17845050978649,10.9697894657561,4,0.0618857661108507,0.468850780132794,1
659e3309ae35db2b1664bf89,0.927010662271507,2.31694692830635,1,0,1.06587706171709,6.32129958989307,4,0.0411190926152645,0.617519034272659,1
659ff88e8fa0b4623885a335,0.914566695801918,2.20918843803887,1,0,0.954584722155152,5.78754590511558,4,0.0262254080284465,0.6540238221426,1
65a5a87fe936f1776eb3510a,0.842672186684502,0.378551056080266,1,0,0.813746025635334,19.4573835508597,4,0.0599979180556462,0.372090293706907,1
65a6b5545eb21fadd5a5c81b,0.909032327666772,0.960069358075841,1,0,1.32644699145075,9.51973235910278,4,0.0545422957151699,0.412121434461156,1
65a705f6ddbf9042d8d529bb,0.863547333343131,0.796257498862976,1,0,1.624147883336,1.56533050681055,4,0.223085883838548,0.0241302425689212,1
65a94e73f78666b2020dbe14,0.924461157340751,1.81300918504494,1,0,0.835059929115397,7.17946890861143,4,0.0507412573730177,0.62145442567047,1
65a970d338d019f9bed97914,0.880460254394997,1.13424108187659,1,0,1.04485931659301,0.836522634987931,4,0.0283131935290621,0.0152356170879374,1
65a9b49e86480523ab92490f,0.925933431285386,1.48904009037327,1,0,1.13797452218375,7.10550656174012,4,0.0389983696207772,0.56597655856117,1
65a9bb664ad821540cd86643,0.913189375874071,1.43040630791062,1,0,1.03212603327142,6.58021188941978,4,0.0360626749941509,0.379585526698127,1
65aa05ea799f4e8ebe4ddf5c,0.913903366590262,0.404576579367897,1,0,0.883893045823598,22.3815742618001,4,0.261814555064073,0.50547352420783,1
65aa881151a8be31db30d17a,0.926421571368094,1.55620814738715,1,0,1.26628686567269,6.95117515302826,4,0.0325275008883397,0.42169118249195,1
65aaa37569b28e0c980ed6bc,0.807571911024514,0.645466570145046,1,0,1.50707945215083,7.63103841129365,4,0.111494617479024,0.0477473605355387,1
65afa8b1f593e35573960cb6,0.881452488081873,2.28802453439338,1,0,1.09044062412213,6.09768720345966,4,0.0290254511495761,0.253664458480364,1
65b549c67c7791499c09f8a2,0.802008667950545,0.350622027185338,1,0,0.871875507105296,23.0044375303309,4,0.236032583260763,0.419008089821748,1
65b811a351633575b868ae21,0.864849548398162,0.409491687158643,1,0,0.493834777555764,11.5664760693702,4,0.481376802946377,0.206769927360878,1
65b83cd504dcc08170f2343b,0.732530875103807,0.84517814890348,1,0,2.72276360811378,9.79476142268222,4,0.0169019913961977,0.0236499140449895,1
65b9039cb7246a1633bc0a98,0.734396846911562,0.24897803872124,1,0,0.819099361968481,17.6888426650076,4,0.307212716070934,0.198565745792971,1
65bba44939d73079f7d2a59a,0.867406311032877,1.08382346090859,1,0,1.57803824355058,3.24181130593914,4,0.169331589898631,0.0331593075703274,1
65bd4eb549b019b9990328dc,0.432185531111185,0.225688245707088,1,0,0.817735059814542,16.4451788890885,4,0.345528796231065,0.10129161640111,1
65bf988fde82b668f87bc037,0.744378621192497,0.578510129724144,1,0,0.910048051577819,10.6769268868415,4,0.112114703685686,0.401664847569923,1
65c0f119fa8fd299fde6b9e2,0.19661187461687,0.501160072050983,1,0,1.23034846396692,12.0929774328773,4,0.285634484371309,0.0267680193501828,1
65c1126b379ff4faa4eba30c,0.918869506902845,2.13831253329844,1,0,0.617505913421274,5.33765390297086,4,0.0395003439521153,0.351308911469605,1
65c1d15018dd984dec38f4c3,0.897532081197124,1.04209632774629,1,0,1.57395281776712,2.46748658126148,4,0.254628349839728,0.0368818048481621,1
65c243c37e0d77ca70ee030e,0.877231018263895,0.798110358812426,1,0,1.74498797390378,10.2615526885119,4,0.0721450158651275,0.634720644724247,1
65c25cf77dca9d7ca7d9ebdb,0.900849217912989,0.486203048812726,1,0,1.25540286827203,13.0288571324814,4,0.0972189021831707,0.140323769653506,1
65c25e3de8b230c294f2b32c,0.891068939663529,1.74649206668514,1,0,0.718474005831631,5.40089254072968,4,0.0684807364870552,0.704679710153788,1
65c26e8407c01d7f38da9858,0.642113419039338,0.337707810061383,1,0,0.644059035955383,12.6428570855274,4,0.105052733993587,0.0880392578240078,1
65c3a122f00056edea1e17d0,0.897259785409982,0.358280149986168,1,0,1.87599973590597,6.87166824166071,4,0.207135556882654,0.1967364983736,1
65c783e5704051956c8ff924,0.912135381184778,1.69671392051877,1,0,0.75193682187389,8.66754728729833,4,0.0320685232864131,0.305522292062882,1
65cb0f21257c8a98f470bb5d,0.716415902197793,1.38553619884019,1,0,1.27851391730409,0.254320139487948,4,0.166646507897048,0.0117613014360497,1
65cb8d0c2b10d0130f6ebaf0,0.814743834760304,0.367909652686607,1,0,1.51550767671396,17.0133319345407,4,0.0589532668539441,0.0768212447385581,1
65cba761b3d48a22dfc65d2f,0.926148304965719,1.12850804161257,1,0,1.65089715477526,11.0095272040023,4,0.0375266035960738,0.799849496280713,1
65cc041f70b1949ced29d0dc,0.829804190356862,0.247223955781235,1,0,0.825018676210383,9.64466243340135,4,0.744128420510009,0.67756014398495,1
65cd5b72f200e9541dc051f7,0.919052812794356,0.59646022121688,1,0,2.24290784849627,14.2189588803854,4,0.0321843606642271,0.543305347379235,1
65ce6e580ff7827d2f4d5145,0.569236423170153,1.06938791735277,1,0,0.512404557314888,11.0406391524689,4,0.0075695021497489,0.0378352730909213,1
65d306f8b16eb5011ccb2025,0.886123305549285,0.827497451404065,1,0,1.12286182895705,10.3945475315994,4,0.0178366085102102,0.0867694068444283,1
65d3b304d331a798368e0595,0.86555782090166,0.95582502567937,1,0,1.53706913299705,8.1471336307754,4,0.0531230734832478,0.284962353843087,1
65d594b4198b2fcc568946bd,0.64482225562948,0.38249206999849,1,0,0.612584976578284,18.0809120221843,4,0.273959920504123,0.110637137711295,1
65d62d6afc0dcc5b81ceff41,0.476659051690281,0.13866642791811,1,0,0.655095955923553,21.0643203806033,4,0.40669035154307,0.120699124489756,1
65d8fa2941e5a23c0bd0fb87,0.705459724124023,0.214213642376188,1,0,0.913128848748612,17.1675516499793,4,0.278693635462815,0.222039164063014,1
65dcddf73df41cde066da638,0.93099485060009,1.22341252742952,1,0,1.348076566565,11.6641568523218,4,0.0414696701193556,0.6993975966304,1
65ddeeb544845c2ca218d3d3,0.73945127977278,0.178731989033838,1,0,0.532343580622141,23.5062357781222,4,0.449475747626086,0.152728373186357,1
65df45b4b6c4eeb9240e1603,0.844365066977556,1.45019252036372,1,0,1.21260417538568,0.866651770654098,4,0.0357759672942887,0.0176264338697735,1
65e2cb31fb9eabd44a2febbb,0.930387750976753,2.24427880582226,1,0,1.37817402466636,7.37113494445563,4,0.0204754051630358,0.425120620623986,1
65e33239b5fa3ca93950aa67,0.327517389602289,0.882387952734245,1,0,1.52236349224258,14.6816948516523,4,0.0197458136338749,0.0648986997929823,1
65e36d287b3844081e1f9613,0.944045062421901,1.66000616368016,1,0,0.995595917527434,6.23477050054916,4,0.0157323339442008,0.439660951436132,1
65e3c99ff63caa042aac8883,0.651465126125949,2.61292649926805,1,0,1.24204054245675,1.55611465140012,4,0.125634624483881,0.0166342023984273,1
65e5a88bbbf79d273413f88a,0.898494186613472,1.76263434240446,1,0,0.867620506146984,7.23224681709317,4,0.0942355074071973,0.516550324204617,1
65e686420ea25196de9139d5,0.916163013456202,1.59320113676012,1,0,0.909565867781001,6.72828588189317,4,0.0418333233576325,0.464823844409074,1
65e6a469e82dc3feeeda4433,0.857841353261078,0.266809401550196,1,0,0.61715263615802,12.6902309029097,4,0.489495155834312,0.293339524861225,1
65e84adb6f06957a658f1f25,0.711271124110135,0.107891035995744,1,0,0.623688679322093,15.5004556849249,4,0.756781495785112,0.236938225823004,1
65ea312e53c37b2a17c138f9,0.92173697356492,1.19283606507516,1,0,1.34013505572984,9.80566856920666,4,0.0395977453357131,0.250019082032789,1
65ea679d293a5eb3dddd5ffc,0.893235328385703,0.894847766518417,1,0,1.37357131443043,3.11029897138677,4,0.0470608674858022,0.0458841780412059,1
65ea6d657bbd3689a87a1de6,0.914729352414771,1.60069704369204,1,0,0.763034688120413,4.78184745476701,4,0.0527088065022163,0.20927057961202,1
65eb230ebabf00edfeb036e6,0.320591558909723,1.09241595990619,1,0,1.02750256693293,8.21362396842735,4,0.0171284319201332,0.0188140797784006,1
65ef7e2a7204e54dcdbc3f66,0.906512493145237,0.21728751083451,1,0,0.799782712535302,21.862592560932,4,0.636455034674102,0.400438781424916,1
65f03cac071873738667ccbb,0.900081294016986,1.37132004682807,1,0,1.41590371842403,7.72430865909297,4,0.0421168146446782,0.48990037877847,1
65f0405b36b8d4bfa1eb9637,0.766343427778886,0.239989490803174,1,0,0.662137456511896,17.3451525833552,4,0.636664111482261,0.365669599832636,1
65f0677c96375d7ff6595772,0.92817377000688,1.32058917696329,1,0,0.845795758957073,10.1419982987464,4,0.050682805551408,0.679567592406467,1
65f08eae7bdd2ad480e9c841,0.88765221362729,0.671839282073156,1,0,2.42719938570845,9.48219964066401,4,0.0674487915546222,0.138666208935424,1
65f093e8f2d288f322978ea3,0.372500261631446,0.266656796451119,1,0,0.549479690463456,14.2418102363497,4,0.249537472934577,0.204169797872584,1
65f11794f02cbf5b0acb34b0,0.904794743524102,1.31566688350646,1,0,0.831450610706899,8.44007753082248,4,0.0444761228066944,0.350564597705765,1
65f13f3a0c0f671ce997c223,0.910891712551085,0.556148420251505,1,0,1.55171675849467,10.0663553389245,4,0.0941765523306825,0.26367141883932,1
65f2ae114ff6eaf05df92566,0.917361478340224,1.41446045877787,1,0,1.01692918915494,8.55046196090274,4,0.0561043221422543,0.523251319521343,1
65f333c755d191fcd18fa279,0.927987764193119,0.360604660617697,1,0,0.687932866586654,12.0327001092635,4,0.213997994139165,0.530877438565068,1
65f33586e630ca372dfc96f8,0.913426204793749,1.80462762047966,1,0,1.44456440061239,8.22884502171905,4,0.0335438543461603,0.363432564028403,1
65f335ba737e19c6aad352aa,0.907142778972537,1.05276908093248,1,0,0.504393543506343,6.7821643002514,4,0.0187989701603576,0.106189705048964,1
65f33a30a74da39eb0a21835,0.936534643613013,1.29582949879598,1,0,0.999487578637649,10.0600146761442,4,0.0277695155939351,0.511882530123307,1
65f34d32d899ea4fd6d6197b,0.873097162330119,0.941160596885264,1,0,0.992943320576912,5.45234710349659,4,0.0781141614516778,0.114367548787543,1
65f3beac5e96144b7402ae9c,0.945031660433126,1.08993249673407,1,0,1.21990215212715,0.422399114628291,4,0.0085066750619854,0.0263154770801325,1
65f4ab7884f8411c9e11a34e,0.880179076726385,0.801506530690338,1,0,1.26172144738898,1.76831425034881,4,0.0412627377816067,0.0200636192897577,1
65f4b1857f5b498314e118cf,0.93035048494486,0.912794243231975,1,0,0.714417604804405,7.1559365885934,4,0.0217054278830783,0.190006283288655,1
65f4e1f8008a169d7ecde720,0.898031152817503,1.78672044256519,1,0,0.817894783263936,5.33519406665809,4,0.0227984054177947,0.102382253870547,1
65f5260e1b19a041bbde0f54,0.797327370866942,0.309432834773111,1,0,1.21618640693907,8.58292555876525,4,0.42739447353709,0.338551958203349,1
65f58b399426c824ebce27ce,0.878633677601015,1.0007991149715,1,0,0.710999989752088,8.97699412949281,4,0.0328195641988587,0.137918163137104,1
65f7c77cc240bb287a4a0dab,0.852753817042289,0.15818951720341,1,0,0.650746323725257,16.7526715361726,4,0.576057288707054,0.350099006402381,1
65f85564dbfd935f4f68d062,0.895348085831515,2.26136779547323,1,0,1.16962787672002,4.66040819257757,4,0.0392581484120144,0.204915321394238,1
65faa015b08626882ddef940,0.366308247896514,1.15471234927087,1,0,0.863646627047746,9.98261910147516,4,0.0106133057598838,0.0300725858539163,1
65fab2896bb1445ad3abf39b,0.861434310725213,1.35899525339039,1,0,1.02470665881641,4.81848200761181,4,0.191671586456175,0.714110557119135,1
65fab55532461b0eaf2236b6,0.936976173554895,1.96183293919024,1,0,0.973843237864602,7.38196162599098,4,0.01854377993439,0.197510091699013,1
65fabcadbea8447f5c937935,0.921738386074337,1.09133433651982,1,0,1.26179707066844,9.57857837101363,4,0.0490577215844497,0.468900063610382,1
65fad673a546ab14baf2f8d3,0.918218291747959,0.705210213982411,1,0,0.916474993655358,11.8498485723908,4,0.0162648776637796,0.140931552386994,1
65fae6b84fa6b3101d2ca4b1,0.862925933069432,1.14626839762932,1,0,1.28392799792189,10.071234385582,4,0.0160044932588306,0.0960018725781677,1
65fafec03bcc45eef533814d,0.602908019307644,1.63604877882448,1,0,0.461529292672573,6.66102825256471,4,0.0159600755394718,0.0200031559486014,1
65fb06f7968577006d9665c4,0.552190750230746,0.903561273875417,1,0,2.71812853688034,11.9998056230001,4,0.0082296055518646,0.0209103641309271,1
65fb0cd08626e511f3eafccb,0.859062060748097,0.9934976597929008,1,0,0.603551175675289,10.3476484048436,4,0.102072183748899,0.702793105465392,1
65fb1b3b8d6f60e342ea6b1e,0.91369730470533,1.27668302137243,1,0,1.38379626984185,10.8057893366709,4,0.0422901842342297,0.720783021923203,1
65fb5f438050e2495c957083,0.735205012049671,1.8820288687242,1,0,1.07976019986483,0.390970743005369,4,0.0416445465056178,0.0093420804997286,1
65fb8ba703fee27775bdc9bf,0.957803688574766,0.878595522173215,1,0,0.703498934715217,0.484801298985577,4,0.0086219996045882,0.0377870626593219,1
65fbaa1758417f3f6d7b1d84,0.91821027227917,2.0475706072314,1,0,1.30835850228518,5.59889106545759,4,0.0577710083237539,0.172948798198868,1
65fca331fa0a2eaf667d9318,0.192164975715594,0.568171927889136,1,0,0.43670805896795,8.27705588365243,4,0.118637649680909,0.0435026363392657,1
65fe5444cc257c70f668d2a4,0.877028714719617,1.21087926891507,1,0,1.45844658691899,8.50926214238193,4,0.054742525604717,0.566346206766087,1
65ff24005c028050281d3f17,0.821825058453085,0.394022245376556,1,0,1.22257805736641,8.28246286235007,4,0.700132586178489,0.501639426409514,1
65fff06c5c541d3b70810910,0.710186552562881,0.234568283605465,1,0,0.791697719392364,9.76015244082455,4,0.701082136967045,0.179163313359519,1
66019ab0b3f2821605b1a028,0.823556718172795,1.76676012724052,1,0,1.82976239567895,6.75516840871365,4,0.0423498338814405,0.544689533467493,1
66034de136822e2d301c3796,0.862775134304482,0.6249463386485,1,0,1.19106161063949,20.9180213284111,4,0.266661451354949,0.367900874716835,1
66043493d2699f223f6300c9,0.750992217077887,0.184609990281517,1,0,0.620021428939261,8.97599525901619,4,0.709543653229387,0.158600573577568,1
6604722ff70cdd65875e2c6b,0.94366472924033,1.34038199253022,1,0,0.812572231836651,8.46452501224061,4,0.0357957096720192,0.494893762408564,1
66049694dfb8828a8f3dce70,0.611255184328064,0.441130559634104,1,0,1.1196643806988,14.2837829196996,4,0.172449015251783,0.139010078124128,1
6605c2254e87083454b26f9c,0.884445447601919,0.591357847095879,1,0,1.45739184721513,13.4961104800652,4,0.0417743674940365,0.172886720098404,1
6605c7c89ba2e71bdfa91861,0.94573492097006,1.20740085655268,1,0,0.734683894029378,10.3480913128171,4,0.0336685032182917,0.654344936151517,1
66060f19dda14ccd05dfcef9,0.916989854054988,1.92228889719298,1,0,0.900242759504649,5.16808191951429,4,0.0152431718410188,0.119266694470498,1
6606c9df5ec3096c96b16d5e,0.756432822509042,1.16100658184799,1,0,1.32525719208389,0.617729473781131,4,0.0808991334903247,0.021055928270155,1
6606f15e0998a345a03c66b3,0.914520392247461,0.607045732547364,1,0,1.78750826941622,12.0494638462768,4,0.0556835268182427,0.250700903787654,1
66074f7cb655db9adfae591b,0.552191673860975,0.333336303039631,1,0,1.27491271506066,13.5846533476704,4,0.308459188467109,0.154045918177258,1
66088b078ff8518336021b26,0.586574925740752,0.258160079080627,1,0,0.56416345531153,27.6501843496165,4,0.0853638064723087,0.195740915545672,1
660982bb12941e7442c18325,0.857801199868444,0.318314104431957,1,0,0.829887439845745,10.3609391610398,4,0.82219969634913,0.308410319650786,1
660af0dad94118b7a229a48c,0.848579806750168,0.665522511331394,1,0,2.33081419451719,1.14803318565585,4,0.136152163749891,0.0198727708270083,1
660b0a4be5b321afb0d56a71,0.933593340028084,0.888167889139211,1,0,1.02334521956768,0.63208247052403,4,0.331151120175628,0.0119593795759866,1
660b40f4c78a0305b2ed28cb,0.938733353829878,1.16919057867642,1,0,0.803030508049135,7.40013657473497,4,0.0186112813105837,0.510042502416174,1
660b50fe7a64661e391dd08c,0.679534083076276,0.385837508626281,1,0,0.773958659031085,18.7634742917215,4,0.220466586218881,0.208097969059367,1
660dfa1d1b035ba808f2b45f,0.921093528063176,0.790188481889762,1,0,1.20173104475482,1.40332561119561,4,0.204383668607058,0.0248613779105152,1
661104c7d8d32b3a4736a59c,0.921336416525254,2.11132608208279,1,0,1.14732035228055,6.55435654365509,4,0.0190156142924656,0.60174891365767,1
661403240d2261252260d5bc,0.567965145792,6.61966702465767,1,0,1.04445090662012,0.0496129976488528,4,0.0252652528617597,0.001800892919932,1
661518389e545666580a32a8,0.90799767891587,1.98935348775465,1,0,0.78833900002554,5.26570878581304,4,0.043149553363829,0.679924011238952,1
66153c5237b371310ca8ceaa,0.703354727369072,2.07063822708669,1,0,0.827387856767472,0.836500677271332,4,0.201592823923169,0.0069536453966245,1
66171378a0d58cc04011f002,0.918137012741442,2.16586833285683,1,0,1.18518665764073,7.11335810564615,4,0.0784467690715553,0.627024449633732,1
6619a6b7ce5da964c6d15b4d,0.929740311952885,1.19681952477406,1,0,1.53648721098445,8.83028367791853,4,0.0149747238266657,0.438872830691414,1
66201746287a77b3b97d0c52,0.864371634679012,0.241801290540347,1,0,0.758980002851206,22.4211758568111,4,0.30733421513071,0.595395459513936,1
6620a09b51dd0cf06035b3b1,0.928945360302234,0.966163739381425,1,0,1.1955567313713,0.331333663459874,4,0.0168207884239562,0.0186318115963926,1
6622be67c3c8690e01b55dab,0.912848886186263,1.19614359098426,1,0,2.0329686234263,10.6454582097349,4,0.0310708525328607,0.63604411506067,1
6625ac4d6f5a636552f8adf0,0.909431696416813,1.8666442568022,1,0,1.26813036074384,7.68520286046601,4,0.0368763325050023,0.743588876637766,1
6626f18372aacd362b3a4fe2,0.723079934504857,0.2250726025165,1,0,0.797674271883924,23.6515988893542,4,0.887530087569236,0.59699662226941,1
66274c9a7a108416c47ed2b9,0.865669017120916,0.244234453531632,1,0,0.602757523917522,7.64045812778984,4,0.666705203982556,0.0598792791303027,1
66290ede1ab02829b1c72509,0.923795805636747,1.21431383357051,1,0,1.44211510213378,8.92881954178771,4,0.0514120392268111,0.588885326992538,1
662959b221d6790f5548ba36,0.921555456268735,1.6480741427574,1,0,0.947389937675527,7.44782194332896,4,0.0628599673438506,0.398065548316602,1
66296576ea9cd406efc12f7c,0.914861560284064,0.341248926006759,1,0,1.39060363567114,9.17608436113069,4,0.412210481893368,0.126730721740668,1
6629bd52f563a590601a612e,0.917621660003139,1.34630652946494,1,0,1.04594636727961,6.8422935986411,4,0.0623008953354745,0.542466938864302,1
662a650b6b7d15a354343ad4,0.814521373055971,2.43393689083884,1,0,1.15433148959712,5.75133118980649,4,0.017987856294262,0.0844659650448163,1
662f93c33fe9ba41a6319363,0.918798953724976,0.463056393781862,1,0,0.923435457205122,11.8171986685677,4,0.474268684398035,0.304260745219853,1
662fad6b6f397a64efc67680,0.657029216956621,0.28593479741879,1,0,1.21076258193148,13.2257483319684,4,0.115854551324431,0.0760344937686907,1
662fb42cc3458e96dee33181,0.804218674058044,2.98888847383989,1,0,1.1322106521311,5.12113892655167,4,0.0560256289810042,0.516877169196456,1
6630fcae418bde6a9e7c3b47,0.661915364205698,1.98412898661795,1,0,1.67621848287177,0.314380028554967,4,0.110695738011256,0.0134798763315202,1
663155927c57cad7446ba8bb,0.924365890966241,1.02468745589597,1,0,0.977496846475365,12.4104182146644,4,0.0119777793991654,0.151029111472554,1
66324bf0d2e7d3036efac146,0.9285137703094,0.466991157420215,1,0,0.886440942646959,15.1022283466314,4,0.0276569246709353,0.423248015658435,1
66338ed6228f4e62b2c663d7,0.888066151767652,0.326475569877402,1,0,1.19156449286922,20.9561463425317,4,0.17181807216693,0.451462973535739,1
66355fbe799df84584ae9fed,0.815306053802842,0.687354158785894,1,0,1.33220903476259,10.7223155984085,4,0.0611579456406942,0.277312581398511,1
6636447c86d75d8f142ace4b,0.447366605133832,0.300040945591701,1,0,0.673979289907351,14.817145775246,4,0.169141372253843,0.0433762939050661,1
663654019b097719967fdb7d,0.890647471504347,0.712168967102182,1,0,0.742595329872111,6.44737115150557,4,0.03643033749573,0.068408344222962,1
66368ac547b8824e50cfa854,0.554452952770251,0.800745554950776,1,0,1.00758479399774,14.0784570674995,4,0.012311881444504,0.027928397284274,1
6637725bb8c26344d88019bb,0.345362106449108,0.477903698650521,1,0,0.700443696077301,9.40298894343863,4,0.100911519221763,0.0428072557663534,1
6638d55b77829762c4d21609,0.609984677864892,0.460265035771693,1,0,1.43274473855475,11.1807627030816,4,0.178678143378413,0.0531410493859058,1
6638f3d967d2828b285f176d,0.304488461522261,1.04793214602728,1,0,0.991411640955213,11.4738486859457,4,0.0143013606228932,0.0444169992090149,1
6638f721ac4b7a399d3d9229,0.872813596818746,1.25293475983186,1,0,1.26429661629386,6.09316530692686,4,0.0359229413206213,0.0740236717911383,1
663929054c48656122cd8aa1,0.929605827138948,0.941481625172319,1,0,1.47394490981987,0.924810866889311,4,0.0164699037198429,0.0327356419604455,1
66396a8bcc746f2fa4177d5f,0.895355947679052,2.27789784583837,1,0,1.02045430704912,5.06531086921514,4,0.044870423793159,0.466402249143701,1
663a13d140564554b431a688,0.884020765586249,0.694554807587707,1,0,2.21277010133085,11.7016032229267,4,0.193638288742365,0.406203982791591,1
663a4f68bebcc0715722dec7,0.88787827913957,0.37771309367049,1,0,1.70880138545464,9.50505939062733,4,0.347205984894606,0.168903371417038,1
663a5c3aff126ef7c5bd71a3,0.932411241990797,1.49460634470981,1,0,0.83545753182394,6.625833355526,4,0.0177358654075527,0.147560515931592,1
663a5c54f0582b5d7603a1e6,0.927907037272523,0.710561456392181,1,0,1.09708626871393,8.17890569525824,4,0.249005998827856,0.668664785917608,1
663a63f7d07fee78a65a31a6,0.900302577349479,1.97607089424269,1,0,1.25888056820888,5.91019635498471,4,0.0506134117914476,0.330139295120834,1
663a7af013938e6bbfb065d5,0.918944632232414,0.216828756616885,1,0,2.47138889133738,2.38021416271996,4,0.648120117120479,0.0150860621181845,1
663abe859bcc3ea8ef9bbdf3,0.936630679704945,1.59277748334303,1,0,0.883407380621649,6.28384540876975,4,0.0271168479998802,0.411211625690763,1
663ad1e9c4066faf455c913d,0.572179015246881,0.210457067694582,1,0,0.690849508811431,19.7686876190428,4,0.332429847398387,0.195771842671734,1
663ad56043fe3dec6ceffacd,0.85650883978494,1.01272434480792,1,0,1.13183660759296,7.73399796231841,4,0.0225818150737526,0.0743763621605798,1
663b8df565dd08db10006c4e,0.720040502026408,0.281386492093742,1,0,0.566238132656275,18.1683292661503,4,0.461841258494595,0.222005321071472,1
663c1487dd7b50c020023d58,0.828209327699769,0.55781053013735,1,0,0.896339879451993,9.59110848379235,4,0.099373397689006,0.0659038303766864,1
663c1db6050ff8907df7909a,0.759004426264952,0.243424772872828,1,0,0.771715828187931,16.6180909951761,4,0.478749328563241,0.278324469247176,1
663d86a16a6f0cc0683ba9db,0.889083124797466,1.04207361458773,1,0,0.378477424117293,4.00457024516411,4,0.0633153871334004,0.0621360570702822,1
663e55eb0dead5d035f3b76e,0.893857970949047,0.823370420949491,1,0,0.914189488627132,8.76890929174008,4,0.0403370834002922,0.087404992014391,1
663e84e6b5670c18c681bb30,0.921129056471481,1.78467870879598,1,0,2.0868095703,6.68713844623782,4,0.059062275051964,0.659060725948846,1
663fbfc8c8c814ee81e8037c,0.927300546976276,1.09001109975704,1,0,0.609065950283898,0.280494810446376,4,0.0134461810080816,0.013887664630655,1
663fd4658572150cc2416c27,0.872093039049704,1.41148289741104,1,0,1.68895478302909,6.54913293194013,4,0.0541568253974044,0.0911104215409355,1
6641174a70570c7bf4758e35,0.697330379083382,0.38812257943034,1,0,0.704933406846363,19.4999611007631,4,0.0374813500944197,0.0855305697178874,1
6641c4901c5ea0f470be6f02,0.901927044565779,0.790586626446338,1,0,0.886175719949322,5.38615838065163,4,0.218482938786862,0.0825404016407951,1
6642122a3650c28b1e2e367a,0.921409430699447,1.62669966313841,1,0,0.788613399864316,4.83133301971979,4,0.0345394271601216,0.263745388145985,1
664288ab31739a1dffbb2c60,0.678561914742813,0.116091113441349,1,0,0.566369468726988,37.466212998774,4,0.307122300941167,0.469841898707174,1
66437d930a82c8623344a9f2,0.919230840643741,1.16068495403548,1,0,1.33216972373579,5.44168590672103,4,0.0743263844543419,0.10227767554878,1
664384e8d6cae57c73e3d8c6,0.556834624896785,0.37949113526535,1,0,1.26810213704029,22.0635805032218,4,0.247829593994949,0.287850164226883,1
66439b89a9fca58cf2513d93,0.874385361527384,0.515369240452202,1,0,4.55383889454244,24.9395761133709,4,0.0108727100082876,0.107247944653333,1
66441863c6ae7938f0e91254,0.935359350439712,2.27087195788041,1,0,0.586059787766613,5.52239107069834,4,0.0349011896421947,0.440756997227124,1
6644527fc7cb167a601cd5ac,0.960810608177839,0.831880215641618,1,0,1.08541387374515,18.4707572524353,4,0.0605878447166109,0.527161091907712,1
6645517618b9f4db00e5ccc3,0.904940399298651,1.5531841903426,1,0,1.40993636051888,6.45302483175464,4,0.0698844847306976,0.530228978133985,1
664639dd4711fff56d77ada4,0.954970237172657,0.977116181070806,1,0,1.33553397028395,10.0210791392394,4,0.0911977774775596,0.692086103860318,1
66463a2c0a36377060b1910c,0.871133162466888,0.802177880583048,1,0,0.601125709112242,4.9791700286152,4,0.074904206253572,0.0589728073226664,1
664653e2c2e145ef7ecedd0d,0.884881772996261,0.55342303149185,1,0,1.55436984783108,5.18697200575992,4,0.219184789195437,0.0332661556681279,1
6646592895602daa1e66b648,0.919666458740664,1.26716597406992,1,0,1.34502385133626,9.96586761750331,4,0.0396417290829226,0.585238531127126,1
6647e0c35e49c207ba28fdb9,0.870278948779193,0.794190681697144,1,0,0.569345137987187,14.2246670836632,4,0.0664949433370202,0.470622646710167,1
6648becccd1bf5a6e253577b,0.929579923829665,1.08420408566558,1,0,1.14347329427619,12.4416614127308,4,0.0639588904605366,0.568920272999059,1
6648e9264880fad56eebf485,0.910674036288604,0.361644956007275,1,0,1.79023394353832,13.210372246761,4,0.314680332618814,0.059917377015427,1
664a0cc1ee0b6791cd3c7b55,0.817869709872366,0.356862105763529,1,0,0.86522966489714,12.2589096227116,4,0.370960472842995,0.419374329232731,1
664a910980871d3cd7944412,0.793957686347204,0.710124573104652,1,0,2.04953745020153,0.694300773829277,4,0.162942443378949,0.0125134573779513,1
664b31793e9619258b204011,0.506450151635404,0.419673269680864,1,0,0.979602828216566,11.1161750617743,4,0.720479600730471,0.574840483491688,1
664b3b0db7eb225f6d56922c,0.880380703250463,1.22689567973886,1,0,0.982566902475869,8.80493123287417,4,0.0625148778891818,0.725549329407947,1
664b4af989da4c25d181f27e,0.631410267328349,2.12078202258029,1,0,1.20117163838941,0.246951969706758,4,0.0482725098744264,0.0115553597100178,1
664b550820b57425a150d8e2,0.89964877099199,1.52819133741302,1,0,0.542517176736031,6.27469768673402,4,0.0133624504001392,0.0767305966421216,1
664b56924fe53a254403f774,0.870880901400769,0.124830004190178,1,0,2.17629738216421,12.5559437279569,4,0.65797155355854,0.255974490585005,1
664b66162c93f4cb8d9224a6,0.835602609642297,0.2541812832445,1,0,1.21152488731037,28.8118647200877,4,0.54674792871559,0.361989755380341,1
664bf2201abae3378784ee1a,0.916031120372424,1.43835667417643,1,0,1.14396803106969,6.61396403817243,4,0.0313524184877313,0.377144190785883,1
664c3cfeeccf0399b4110f7d,0.898394785519543,1.10820850234962,1,0,1.26784600815593,5.28768758942243,4,0.124331189124594,0.0862623704846444,1
664cf905de6ca38cfad9e5d4,0.873391676731329,2.19817981891118,1,0,1.24908522101704,8.23712319302601,4,0.0514585484684326,0.479555790889311,1
664d0be31a585c224f0aa15d,0.269071345554959,0.217392791573237,1,0,0.678730890723678,24.1573880259867,4,0.427914171298408,0.115489157762237,1
664d11e6124e3ad6e6277871,0.888547671310567,0.445896433934826,1,0,1.59261034884467,17.9079117792263,4,0.306794202486608,0.4154987068797,1
664dcd50e61b5246d5b7377b,0.916313679840395,0.966430287441189,1,0,1.53865184111852,0.437830361719897,4,0.425139875117962,0.0285188841071338,1
6650915f8347f93a39a93f5c,0.792169786650814,0.821570937164725,1,0,0.655898947688972,11.0743568291145,4,0.082250839425728,0.466316769834968,1
6650b525c83a2e7b6048fcda,0.474491686520397,0.217254283711684,1,0,1.0059481994871,16.9846795992154,4,0.424955768994598,0.0927693193135388,1
6650da43a82f01840447bcbe,0.911262867405892,1.31589740477194,1,0,1.34691231068261,5.47744666806459,4,0.0507973978602985,0.265149320079918,1
665288637afb1c6f9ef2d257,0.908193536767751,1.48415562603241,1,0,1.14301509954102,6.74859948212118,4,0.0312049105089922,0.600604106609106,1
6652b039261ef03ecb978b4b,0.91056858530029,0.138861645939567,1,0,0.681142602569218,18.3834164709465,4,0.885932944097278,0.0828719518772834,1
66548532974360d0c90b9dd5,0.88341811968734,2.46788588644596,1,0,1.22867431819018,6.70985613242209,4,0.0435698318477023,0.557792654829642,1
6654a18a5fde8d605b36daec,0.873808732800502,0.295769975647094,1,0,0.563844586935293,10.8285556021763,4,0.695764010011787,0.237555064758796,1
66550501336446c73dbbb0cf,0.925841109860332,1.89433277532403,1,0,0.98379827400665,5.77937140824145,4,0.0344229541598962,0.348858505965762,1
66552035a627a90b20d3a549,0.907290687919848,1.21338253234806,1,0,0.760251670337263,7.50465024519021,4,0.0674469637532564,0.55764616526621,1
6655df41311a20030c9d77de,0.930789458804965,1.35187426800206,1,0,1.08079424173454,7.85745071412781,4,0.0228114934918967,0.403393465986709,1
66562a0038182ffa52b47afe,0.593275402768852,0.685412738285744,1,0,0.693886192328118,18.0749312020144,4,0.0194644376358373,0.0522635081158842,1
665643c27eafe088db748236,0.896244565165138,1.89000666679224,1,0,1.14114045010575,4.44046068496646,4,0.0439270445983417,0.101897937290153,1
665652337f7a6a3a5aff1e15,0.90733761447002,0.890011224407894,1,0,0.664875180617224,9.23769067075729,4,0.0457965843981897,0.310426194518002,1
6656b41a68bc810ea64c442c,0.926152793752711,1.73346653910539,1,0,1.69484805516202,8.84724408783796,4,0.04235276123643,0.648996244671748,1
6658c0f0eacd7bcadeef8a56,0.778104127864311,0.302570562704259,1,0,0.555616901390978,18.364184682036,4,0.038826418149979,0.308699028815503,1
6658c12121d17e38d247f857,0.859319708753783,1.51683520171337,1,0,0.876107970112602,7.12204698122905,4,0.0441208247703495,0.253180739981893,1
6658c97a19546bf4a7e54bcb,0.332269886546895,0.193937320969581,1,0,0.64758160388673,16.2362234446469,4,0.506594184660287,0.13699386799048,1
6658e9b7aab263fcab6c9c72,0.747869684633562,0.39889755654556,1,0,1.04803941764711,16.4149851060132,4,0.741354300417504,0.280506272701937,1
6658f43c81732302f479d0d4,0.904088209754637,0.721724861451876,1,0,0.837787912018724,10.4272162017269,4,0.121374042463416,0.268182836083163,1
6659f976774b5910114ec891,0.886589032884277,0.340836337631952,1,0,1.73873619348234,12.5470267285418,4,0.239450365576819,0.427448039183691,1
665a421acec6848f16a01035,0.890903622105232,0.804180333069275,1,0,1.2178232402294,9.69880159510333,4,0.0555165966502856,0.399825150359923,1
665ae2d4ecf98c5daa3ce7fe,0.608495111042896,0.276264975692141,1,0,0.829975848046118,19.0220625378143,4,0.305838636041093,0.204056407134158,1
665daa0b432c3a3ad423ea34,0.730254649804497,0.704125605278545,1,0,2.66891479633678,3.55040484832434,4,0.148741046921114,0.019671449080075,1
665f1275a8344d26d5e340f5,0.560647250384107,0.456384053242205,1,0,0.84163243375162,20.7803994662627,4,0.0424817103567263,0.221661444168004,1
665f58d933f0031a4058b642,0.918426225714338,2.44391185315571,1,0,0.804766038320022,4.3276922939699,4,0.023775437617565,0.139774822533576,1
665f8b8b8bacd56af9e28b97,0.667574186660938,2.16309739532796,1,0,1.01879358678882,0.332147444904436,4,0.0660889276713322,0.0185847783555597,1
665f9802109374808c44de37,0.894261410035677,0.516646817952814,1,0,0.662490233577544,10.9407004969307,4,0.0201953379459319,0.0707648319454417,1
6662deda47d8f64c1589cac9,0.650661453455827,2.76775029723896,1,0,0.848193034142687,0.179670725808141,4,0.0472225317884407,0.0065240310467631,1
666339464f778f33532d28f0,0.933520113179561,0.668482849581443,1,0,1.25852080729213,8.95402329736576,4,0.0939158110251119,0.365170742097974,1
6663b39d3676132ea478c7c1,0.859190965756686,2.09754402418772,1,0,1.18001929598495,7.09199733355269,4,0.0375438806531984,0.487931718160749,1
66645eff20ea0a1d14a3d5bb,0.904477107252838,1.38925642482482,1,0,0.90805077144672,9.28501379157084,4,0.0752928553370548,0.58608659320864,1
66673aa947402f713541aa37,0.897926552202185,1.28344965450404,1,0,1.16054011370202,9.51548241651648,4,0.156886561657858,0.431070321810106,1
666878a27888fdd27f529c64,0.921309534682781,0.627792490892622,1,0,1.23802820163787,2.04975993053079,4,0.140991326973272,0.0201887407080601,1
66699c5067ce8c66a3c9c5e5,0.881820996806932,1.77363118031352,1,0,1.08879723227675,7.34764387563682,4,0.079839898263979,0.608369157884324,1
666aef7a2e560f58316d124b,0.895766383578842,0.234128118911089,1,0,1.85022612793945,7.07447636148788,4,0.647761439801003,0.249223831508994,1
666affd46d2232579a2a8a15,0.940324891066203,0.96840951201234,1,0,1.23971350318216,12.4751466683794,4,0.0282806358637468,0.45580288154667,1
666b04170e6ae5d987ed3a8f,0.906036155219857,0.511293340714916,1,0,1.34373790805414,18.0796933969197,4,0.108779749738264,0.758187519011406,1
666b114817ee975e387828c2,0.904060574895271,0.653715374616408,1,0,1.25121712180264,12.010939165632,4,0.15207625023805,0.557345088413141,1
666c42c5e028ee98e1b07316,0.703234037914955,0.334894320588646,1,0,1.38621620774049,21.7480207605963,4,0.238748856828143,0.596144019057103,1
666c46689192fcbdd74a248e,0.836278006307014,0.8150252341033,1,0,1.38388078821559,11.4404246049188,4,0.0721698978995322,0.331809838269755,1
666d11888a386185e18d9695,0.925946618004677,1.78648903006099,1,0,0.950949469067738,6.65170005644875,4,0.0383192484592141,0.559466990697417,1
666e38d1909bc0331b853d90,0.878800122606057,2.7749733954106,1,0,0.746578599075313,5.21729317451233,4,0.0420621099543323,0.724472433606892,1
666f0b4bbd321b51c55d97f7,0.929578234446806,0.696085309842918,1,0,1.19821635320256,11.3226707950997,4,0.0443954110040759,0.442322472338939,1
6670330ca7f17d6da599571b,0.933168144794415,0.32819962729816,1,0,0.61118616362574,17.4127587901245,4,0.269136482706236,0.435615312642792,1
66703d4a7436b1c576ba4a8c,0.871368927556748,2.79529988023574,1,0,1.1330625574166,6.10724363661797,4,0.041480802465508,0.423025074595257,1
66704038ed9c2e159e7121a3,0.831222943524401,0.737377259901807,1,0,0.752059502552533,10.8294153078194,4,0.0098065162965523,0.0571784002254292,1
667062eb4bd4a99a00f3bddf,0.824814734438505,0.193362216896868,1,0,0.745563626430315,23.2934316378076,4,0.484344413758798,0.513232252225358,1
66707536a4f76cc874a404bc,0.932074810392954,0.685848790467376,1,0,1.92252957183569,15.9579548535842,4,0.0328087615681042,0.226172764720757,1
6671c2a565e37006f7ed0529,0.946530657028103,1.17186287676395,1,0,0.769520490258846,6.90449666768853,4,0.0469987569941186,0.338500853989262,1
6672d7d5aa7f3fbbf4799396,0.881485233514906,0.557504037987877,1,0,1.48346147280197,13.8719902816537,4,0.179872112202602,0.172322133235944,1
6672e7ec7590d5ff3bebe11c,0.92360742055291,1.85690432399988,1,0,1.22859110936105,6.17802060420445,4,0.0510158114485865,0.54962884650318,1
6674abe9b3d32372e68ecd74,0.921530899012676,0.864223299065832,1,0,0.9169203501054,6.17792013203637,4,0.066794532662891,0.237216390696944,1
6675b81a0a062036fb380a18,0.818770971497491,1.00203340637151,1,0,1.42687095126796,4.63426304785581,4,0.209700369313543,0.593228076245723,1
66761a7cef6f2c01681b6731,0.769861700438927,0.262828387038358,1,0,1.67797029492274,10.2259215470419,4,0.446938011305563,0.480287912407045,1
66772075fbaa1f2a37515c3c,0.88276209276218,2.40382868972377,1,0,0.757287848075078,4.37481465742372,4,0.0849409182867296,0.635075145844138,1
667799f0adf7eb9ad7749ca9,0.919561076359198,1.26340992111626,1,0,1.41701604506116,8.47332529424015,4,0.0306956202443302,0.337780107515796,1
66798bb581aef87e665958b7,0.868528242657829,2.27864092752285,1,0,1.41620653806718,7.94761965951145,4,0.0669817146435125,0.78322615570984,1
667998e1caf1063776f33a3a,0.860585431280857,0.831244270783165,1,0,0.904966475820895,3.34899876799327,4,0.39006812938712,0.525158945088263,1
6679c3c09c6adedaa5212405,0.922367518261778,1.44956951911957,1,0,1.2751068911691,9.04664801353246,4,0.0389537332767271,0.493621237855889,1
667acdbf9a79568b911c616b,0.823133358311187,0.437497766372888,1,0,1.05618728873433,16.8156293856125,4,0.188906158997899,0.47587696101898,1
667e84586706ba5b3f84af73,0.926613257029109,0.24497440535389,1,0,1.32481552207432,8.45665886522004,4,0.456711768960052,0.047890767898963,1
667eb53a8dbd2ed4f921b55d,0.886719307245112,2.64559949225802,1,0,0.973147383661435,5.28397990358804,4,0.0483400347318725,0.599704073190484,1
667ee8820ae609e59545b5bc,0.748565295740209,0.615989668681137,1,0,0.728967303856172,11.7088942949252,4,0.0197833072427224,0.041858807123929,1
667fb298629d2b1d2c7ac461,0.692649810975338,0.894138762273608,1,0,1.9447148642845,9.23981874471275,4,0.0250065564399798,0.0506845482206322,1
6682aadbae1e1a8ffeaeb8bc,0.802156515778429,1.72773388334249,1,0,1.22696023806554,0.731171777484713,4,0.0697313316783707,0.0200736622816866,1
6682ad57ffa9942586836a2e,0.936903159166291,1.20257022576679,1,0,0.778278130489963,2.58615291090192,4,0.269670093605058,0.045857803554831,1
6682adb6c4cc2cb1c1fc7f58,0.920793454890203,1.25550012801896,1,0,0.480725731008164,9.05583341901136,4,0.0298817517537168,0.349559780766661,1
6683ea6250e32f8840985d57,0.90894630127679,1.06022457867261,1,0,1.19043465891218,1.02329761845487,4,0.514756769417586,0.0100182759839551,1
6684616bcea947393abcad81,0.772160245085674,0.116062896369221,1,0,0.743494796407841,18.9443955389035,4,0.4705598646158,0.168317937539072,1
66847eccb4a565bacffd62b6,0.897157571362723,2.72825480121698,1,0,1.05453439179916,4.14094947270495,4,0.0480831489785668,0.478926604589473,1
66869dc4a8c7f935afb68275,0.845202152145941,0.478946789887238,1,0,0.871368276409267,2.42451948302083,4,0.631224062340989,0.0243792000000536,1
66869ffdfbb0e002547a2c8c,0.793261425177857,0.245546923685174,1,0,1.27906326971655,10.5660051502999,4,0.642770086305265,0.465725529514615,1
6688773dee9491cf3bcd1e0a,0.874357167970722,0.472918683562007,1,0,0.984269189719035,13.5029496263772,4,0.0413635171090736,0.101121195195667,1
66894feb1d96f0bef40475cc,0.91147302527394,1.66808272925188,1,0,1.44325494371855,6.81431140901586,4,0.0389810960728852,0.270521193741058,1
668a61bc9c8a9fa7f9ddaafd,0.751208535677067,0.583142345035874,1,0,1.11417339808038,10.4845024107994,4,0.0279978595999851,0.0784657677943268,1
668d377117648ea8f3a3c13d,0.921750491817232,0.484526614273985,1,0,0.864772898662561,15.4885411684174,4,0.0408890692563883,0.501237041153568,1
668d389667efeda3baf2fa88,0.908807961076315,0.748298951482385,1,0,1.52759422304614,11.9324088477729,4,0.100456364386183,0.56127408773285,1
668d4f33fdba135be3c74ed8,0.595575905989477,0.235591523038,1,0,0.574224267816378,16.2188805534639,4,0.352140117530212,0.115813577695781,1
668d6d380fb72b01a09dee54,0.863653787428466,0.617728013218179,1,0,1.29860023470801,7.53582137017616,4,0.227434236159732,0.0440874073804518,1
668ec4ddc9aed2f8cc62cb28,0.856340519563833,0.266418127050875,1,0,0.78978909599555,12.2573242217569,4,0.588100979908034,0.569214636090073,1
6690354debafdd430e76f9d4,0.894984609791441,0.815795367962567,1,0,1.17573453540147,10.0697436591157,4,0.0143269573735828,0.0755658523662196,1
66904dfa11f9261ad12ec5bb,0.883777617663571,0.993597688482936,1,0,1.76184359742756,9.44011197644879,4,0.122291660604172,0.208592438431145,1
66906a9aabc012e1dfe7c1e0,0.956238073224997,0.828798733088352,1,0,1.10127346960753,0.344242098972105,4,0.0089556105435993,0.0258137062529663,1
66928066bc79e45d4826aa29,0.931277079529333,1.5382877449127,1,0,1.52146426311338,8.78982059138913,4,0.0505121378111226,0.617571534573843,1
6692ceff14930391bbca9587,0.5659073116473,1.11432725035993,1,0,1.65073724117192,12.7625208224067,4,0.0112959261469643,0.0304378930694683,1
66945ed6eccf6e78ece68276,0.760735647403226,0.640368945920191,1,0,1.16391588767022,10.5170308580832,4,0.363539175285947,0.0998336881884948,1
669686f9c0223af02c0e8c1f,0.689383582269147,2.93075450353485,1,0,1.17772145690708,5.46524348531579,4,0.0468339804857954,0.655948020719059,1
6697422670466cbd029533a6,0.770712831670168,0.166974327924455,1,0,0.541035041250478,26.2008511237382,4,0.660778941554605,0.298600460057649,1
66985517cef61c8bfe5d592d,0.921091944515324,0.79630612662961,1,0,1.15320391648482,6.50057721075758,4,0.311260281157669,0.103893667006163,1
66989959a9a6e990d72c7a91,0.823374887043881,0.841954128284098,1,0,2.03473643020044,1.8742436577797,4,0.0867291943288547,0.0351963246280403,1
669d7a56135e5944f27496f1,0.845404306588449,0.404457363146866,1,0,0.554713731364016,13.4860525009087,4,0.0822621029419772,0.507265983199471,1
