id,posterior_p_a,posterior_inv_temp,posterior_state_exploration,posterior_Rsensitivity,posterior_omega,posterior_eta,fixed_parameter_exploration,fixed_reward_value,fixed_l_loss_value
53b98f20fdf99b472f4700e4,0.790074675821424,10.1581556131992,1.4835079564178,0.60018322999902,0.0284255273967974,0.123719110679305,0,1,1
558fa9dffdf99b7ce2924662,0.793910564060396,9.6438592584317,0.776727067808546,1.28297890549077,0.130401567842889,0.301176746473382,0,1,1
5590a34cfdf99b729d4f69dc,0.747528657430569,7.45756012982438,0.674095279913034,1.01871419463579,0.44889901301486,0.614318079318179,0,1,1
5596a991fdf99b2d1e834690,0.614677948676259,8.46354892561332,2.85414375245842,0.604291535689786,0.433580662976882,0.714294375249412,0,1,1
55bcd160fdf99b1c4e4ae632,0.683089606554848,12.8569094406344,2.0340724343754,3.74872984389988,0.0753073272288659,0.123051995437835,0,1,1
55cc7cfb74297e0005235c27,0.699411106596917,12.093359599423,2.2616676980645,1.37346920667964,0.1127757448558,0.0716265291066177,0,1,1
55eb04337480920010aa9e0d,0.808245202290111,11.0945975996371,1.17607318173086,0.732811060320659,0.0278660958244791,0.225753501603708,0,1,1
562c2ff0733ea000111630df,0.896314891370925,4.25135264383715,1.98299713823905,3.05221024581724,0.0169728614359674,0.408356933015957,0,1,1
562eb896733ea000051638c6,0.965652089843401,25.1003024196353,0.731193176157375,1.54605496576279,0.12103542762082,0.0798682422632771,0,1,1
5658000ca9872d0011e1ba26,0.75991199881671,6.38823105134555,1.9980910373884,2.91633309806193,0.108291158439093,0.145425581178747,0,1,1
565bff58c121fe0005fc390d,0.626340579318334,16.1479531759703,3.96005141772501,3.55971532603228,0.241818282311364,0.0743658726823097,0,1,1
56780a5a89319e0011644cb4,0.619750648288907,5.48626131984528,0.476637179882156,1.75289564847223,0.144101889691596,0.492935473257475,0,1,1
567dd32b4f0ef30006dbb718,0.685922921773685,8.37838035084785,2.35270729751838,2.50241925875056,0.172470196213369,0.214297743755641,0,1,1
5685850c333cbd000d4e042f,0.669934853113216,14.1961278899616,2.30392661506258,0.425114614643744,0.0884494744337115,0.11167545660006,0,1,1
568d0641b5a2c2000cb657d0,0.772949125693049,7.38192703656473,1.54912152915388,1.83191010389348,0.152231798622434,0.143196800205961,0,1,1
5694e7b5e0c800000b5a3841,0.662860652243282,14.6313700156899,2.78409289997908,3.77740400445608,0.0613306342231118,0.0834183618821586,0,1,1
56b72c28f2fc70000c32fb37,0.901102360104446,6.85001793816346,1.36262366388303,2.43019527896089,0.0558423614792173,0.178413894025375,0,1,1
56e225c2ec0fdd000641e72d,0.781430239003112,6.24695128792366,1.15091437948,2.28707223613886,0.495776695070372,0.537953832520214,0,1,1
56e8bf5a870a8e000b4a8d6e,0.950645003197586,5.2868155037012,1.02624788418054,3.41274011622903,0.227321178066682,0.382337251276863,0,1,1
56ec9fa4f9ffc4000ac1941b,0.749867969090478,7.86198531033499,2.38009545015498,2.68968198895622,0.0874424727692286,0.136212804712047,0,1,1
56f9364e895094000c8f4967,0.541186951924423,8.32692928599807,0.841593237764684,2.72093015973585,0.0829828474123369,0.184691593031232,0,1,1
570f018053cc8f000f8d4bbb,0.629383017603508,12.2343291468889,3.39475687183707,1.49477095690558,0.0745242528039521,0.0881772938133662,0,1,1
5769a352f48c3b00016737f9,0.648530320672454,20.8015872341813,2.75270726399665,0.495217328839631,0.213033061414875,0.116709591239216,0,1,1
576ad50bc8a90000010d99c8,0.847085203438752,3.65261873221861,1.23165062352583,2.19225548819232,0.0462118452703949,0.360257349510987,0,1,1
577599baca706f000190eb48,0.929792707282771,2.24377371478027,1.05545924770975,2.48163002042887,0.274969011570844,0.226954243204968,0,1,1
57ad04adddc11d00015bb1c3,0.638267195999251,7.55887955644353,3.72166659014357,2.01145288431018,0.162672591796826,0.0927886536109766,0,1,1
57b771677bcf1a00013f2ba8,0.841000573386806,6.22558494060116,1.77879343896787,1.26731610845669,0.0354335450099147,0.148400889940999,0,1,1
57d0a0bee3221e00015fe385,0.777990221983223,9.06784181403617,0.357280364405649,0.749260359092602,0.0649507133529104,0.383178441342477,0,1,1
581649f0b434f0000184d2a9,0.766757697955014,6.67258409264317,1.68462450882457,3.61858149826311,0.1105832229959039,0.159104480987229,0,1,1
586371807fbbcd00013972ad,0.904747117233194,2.76725097665372,4.13831702136288,1.70223673695817,0.198456103409932,0.139448033856492,0,1,1
587418895c17910001ea4e75,0.522523146188421,3.31988837782138,9.1094489980884,3.07264571590584,0.373185145182506,0.752970774075904,0,1,1
58935d5d4d77be0001689f14,0.548402895877852,5.06128813838967,3.1670204444598,0.527800118080623,0.0640660189724176,0.371437719373593,0,1,1
58a5d6527cf56d0001f92567,0.75906679307245,6.05356780596144,1.42450704833237,2.54012070910725,0.0563260294275625,0.24273261437712,0,1,1
58acbfacea3d11000170e99a,0.943382542308507,3.38033997539769,1.01079321560096,2.2754498395903,0.569483473216359,0.378521013025447,0,1,1
58b0d5e700de9e0001863385,0.774225771883827,4.02123459626575,4.15084799242528,2.73981980025154,0.0070569708026505,0.268550039082261,0,1,1
58d2cb10f5899100018a05b8,0.701280700024858,12.8428784805196,1.34886989333051,1.84491350528292,0.136108147473114,0.527839519361208,0,1,1
58f90ebc3f4fef000199e2fd,0.707969246112363,8.28725248967602,2.10123958920423,2.20853679369501,0.0877475070566346,0.133403998666824,0,1,1
598fba148380cc00012a3ce7,0.594848499226493,4.12858507087822,2.97401848919678,2.85724204583463,0.196326359576506,0.682501099618141,0,1,1
59948cbdcf1d1700016efa45,0.753273328932584,10.3101674591405,1.48456399288787,2.8950789973047,0.150305603922687,0.22688516367939,0,1,1
59ae8d282a78fd00010b80e7,0.653729525222646,8.6313335281193,2.42328879361822,1.64797838481447,0.0574612632267638,0.151097677954199,0,1,1
59c0782e5364260001dc4740,0.607447163134321,8.56381056653682,0.600231781428821,1.73779742348664,0.488783584442389,0.452251242407242,0,1,1
59dc458f77860e000151240e,0.753395782981663,8.20362829457457,1.61007540880539,1.15342916611338,0.036917103925772,0.174723536112833,0,1,1
59f22a9fd6380600018b2929,0.831547421358055,10.4947566614161,0.784957473375895,1.727780313443,0.351770728913705,0.537298474527416,0,1,1
5a348ea750833c0001ee9550,0.663208036708811,5.86041635131073,2.36840010101326,2.0497719278341,0.122520593178778,0.253934609530973,0,1,1
5a443812817d1800018d1179,0.810678392675418,4.88810115242009,2.18875699671214,2.64886010135358,0.0320574628206333,0.107843393377706,0,1,1
5a5ec79cacc75b00017aa095,0.691848674842296,8.81780023194481,1.55982520312085,0.72074232864837,0.0643054857190613,0.232679641809598,0,1,1
5a6eac90d5d4cb0001d6815a,0.640020786148643,13.476333491848,3.4145260450529,1.7695730907039,0.152357942638109,0.0606798844218129,0,1,1
5a95a63e4eecca0001dd4cfa,0.576151408839018,4.575494601554,4.04215500221776,0.775267651187951,0.188941629659628,0.480574066653632,0,1,1
5a973481f05361000171dd86,0.683360071425315,5.10978606627098,2.57696686051953,2.74160199051522,0.360327179622408,0.146827548860973,0,1,1
5ac53209fa3b4e0001736f22,0.847758028148754,10.4607160211794,0.800432207972507,1.84743253365436,0.227760580273615,0.540183988666914,0,1,1
5afa19a4f856320001cf920f,0.662435107318176,14.3721934048347,0.695651790083565,3.24262694373031,0.0144925387706851,0.479459195503062,0,1,1
5b23d0784fb0d40001e95407,0.663036077627613,9.5847541448675,1.25081248149896,0.528594702169278,0.0139307293494697,0.337512972458718,0,1,1
5b78542ef642ed0001517ca0,0.877701560116079,7.53343927307373,1.51166727567205,2.52186627515003,0.102260635126616,0.355476108745285,0,1,1
5b824fb6cc06660001a302d4,0.874728542144127,3.38733779353091,1.78942119017481,2.82331434361282,0.0576218494434396,0.219645101546515,0,1,1
5b87b6932be8a60001f74588,0.64263110405522,9.60642910012436,1.977936485066,1.15572858985887,0.559353591502436,0.620144474526907,0,1,1
5b87e73d53303600015ea51c,0.881339747347813,1.89381129247639,4.77304114665557,0.93028830918185,0.384434593647288,0.129237785938102,0,1,1
5b915c9d22d85d000115c0f5,0.831161822664714,8.21365112281198,0.882197752917885,1.16767333984506,0.528942514181582,0.679321971508556,0,1,1
5bcc60b95c2b810001dc68e2,0.535449549219367,8.33394342653172,0.896376341084897,1.65405394862597,0.195989952312124,0.167160539409657,0,1,1
5bdce4e219b9ba000157e993,0.670935056656933,8.94405032896358,2.12153900231365,2.14716647015926,0.105199410177098,0.128440624254042,0,1,1
5c095f832570ea0001642474,0.711919830600645,11.0790556913584,2.25321964446914,2.64221767348764,0.181206202162462,0.0510767826288186,0,1,1
5c0cb29e1b80df00017843d2,0.605880509129291,5.60637961343357,4.16903934216219,1.72976309948033,0.309237138528161,0.557729189627863,0,1,1
5c1188f4aa52ac00010697a6,0.500145008449642,3.62027212053096,7.00170539534985,0.825138747281785,0.211732795703885,0.676958264514227,0,1,1
5c27f83289f035000174a168,0.862532931651801,4.4573531750717,3.05708453793565,0.963119463198098,0.0309370702851102,0.0773676970491407,0,1,1
5c28feff5ffcb7000128a541,0.902999221944948,6.78090646335844,0.677682975788708,2.73167960811344,0.402794872093001,0.453436189827946,0,1,1
5c32e9588573070001641744,0.634301387055566,13.5238983348858,3.93171003449474,1.87015702197523,0.120745934138974,0.042091131145299,0,1,1
5c3c1617f5ebd500018596cb,0.710133060588888,10.9027161447619,0.628651572496005,0.384059437485654,0.658203857102321,0.582215951603771,0,1,1
5c4ea6cc889752000156dd8e,0.78760390375935,9.54207166721673,1.48606276626818,0.885138117447568,0.116353088583109,0.130770302788504,0,1,1
5c52bfa7d3cc6b0001d9352e,0.690100554056005,7.75950153568225,2.17117583422987,1.73878133244905,0.187085479217619,0.127513707059112,0,1,1
5c567e2acc53750001751cb0,0.721802607988549,10.1370171698002,0.664174327039643,1.14319691964473,0.243830932249887,0.497034028239964,0,1,1
5c61ab19776b38000156cc95,0.743379026089442,8.59888533751882,1.56880948355844,2.51409378130727,0.604709300783057,0.416799091407924,0,1,1
5c699a5d21e90e00018e80b3,0.570985821968301,6.78447814039171,4.02680056426178,2.55678791532987,0.118580492887239,0.385320648772518,0,1,1
5c69f9dd4b5bb30001b3d31c,0.934608953068455,11.6038781929561,0.865698530094751,0.377104330184654,0.0915766689117138,0.214919365353582,0,1,1
5c9623dd35599200175642e4,0.607827889482493,13.4054135924522,7.18872539344019,2.6434582864048,0.0228160249442944,0.0302459462025261,0,1,1
5ca749ff98b35f0001f7559d,0.893976091908795,2.25093209215936,3.17930425472323,0.893771123768919,0.551944696822672,0.21591696504174,0,1,1
5cad159b9488590017fcc497,0.763980059721173,4.93154803995561,1.23002720803038,2.09317934295235,0.101948592221931,0.406977307938425,0,1,1
5cd08e2ff59e0a0013563602,0.522817863450086,5.54100790067385,6.77911520880116,1.32754539692009,0.317124718582219,0.317661635318469,0,1,1
5cfecc1e96681500168a1799,0.650484780960068,11.9967123892425,2.85158846848495,1.31913596521659,0.0565750645771654,0.104930414806213,0,1,1
5d012930cfeb82001817c9c9,0.68356921961544,12.1736307332558,1.31812840296964,1.85194558005333,0.122967585388951,0.587085045610305,0,1,1
5d016916c12fb900015320ea,0.551206752889914,2.49448764467452,5.81935148896731,2.03430007855226,0.535323757760824,0.746232941928711,0,1,1
5d0a8a22c0fd80001626e38d,0.642311498776881,17.9507704364957,3.50897664380591,2.41433289081175,0.0634921507782804,0.0750910869216392,0,1,1
5d2e4267565e1200017efb42,0.746570751351069,9.43851682812304,1.38831613275432,2.06141365945803,0.623176540888884,0.377919460006442,0,1,1
5d332957d0635b00013bd785,0.764571123845375,8.47085963688649,1.58784428618974,1.55808795738137,0.0932701068117845,0.144885697135181,0,1,1
5d3f5c8f0d0d29001a4bd973,0.708195702042792,7.24830807867184,0.57864848733963,2.10389604842686,0.536570658083543,0.564790225325668,0,1,1
5d453e8723a5bb0001492546,0.66772429083236,7.73797687531679,1.44081951025876,3.33781085040179,0.160675011846636,0.548781736109573,0,1,1
5d50feca50bdcf0001e8d38a,0.796317657362755,4.83710093870958,1.0572840092763,2.05146468536238,0.332510549865611,0.64111799867984,0,1,1
5d586fdc8200f50001f03a0e,0.535076757630981,8.48588817468534,0.863873433276322,1.39121664328296,0.289895985103261,0.101466781437747,0,1,1
5d612ae16512d700159face7,0.549655611084285,7.6736540027458,0.799197417363215,1.00532687217354,0.244945395645211,0.18655185135222,0,1,1
5d6b596f76cca6000166d81d,0.638619173175446,14.7743590053069,3.48327292080705,2.77130450622428,0.111900819881318,0.0870898304587612,0,1,1
5d6ccfe1eeecbc0016213d93,0.704939015485295,6.07139515516245,0.431273282374632,1.47287268494188,0.256484582772438,0.368046219162695,0,1,1
5d7499693e40c60001081af3,0.835501685639517,7.48876552781993,1.45988307414146,2.70716112884065,0.202643252501113,0.370948558920337,0,1,1
5d7fb79ff44487001807463e,0.946103946130899,3.16449435489039,1.01638949509085,2.1657316908138,0.149430534229659,0.38070352087015,0,1,1
5d849ee0a954540019f513dd,0.916974620292719,3.80617736935802,1.73203684253743,1.85756336550588,0.251548167196844,0.121778126356589,0,1,1
5d88f2f8cefb52001a83f1b2,0.641575074282879,13.4030842630309,3.10966404539592,0.843378027743244,0.356308604546565,0.110227153187854,0,1,1
5d9bdc6ff7bd5b001547ec77,0.663078827463201,9.18376476145846,2.94264769178925,1.28331845289963,0.224287190661479,0.0894962156321134,0,1,1
5dad4c34b3446a0015e3de93,0.697441515143946,12.5968224497455,2.08186410888617,4.23851871722924,0.0852616579143948,0.0732304105617251,0,1,1
5db0a97f127d4000117cdfa0,0.80730712518344,13.2580385727691,0.734047159264697,0.876930066896495,0.703202036451989,0.616522367631623,0,1,1
5db4ef4a2986a3000be1f886,0.650499146394894,14.316873735438,2.94025492722223,1.94039587709018,0.0723966272591364,0.0717336544665859,0,1,1
5dba0ce7001ffa06b367c544,0.617056475977368,3.29353248806007,0.902022475019789,1.63804617990813,0.177451961856313,0.599529658962397,0,1,1
5dce29700ad506063969a4a5,0.891559157569407,3.63721115250409,1.15382745494201,2.12254436212227,0.0886411876712869,0.230980422866367,0,1,1
5dd4074feab0423daf012f92,0.674391267153798,5.25259276480753,1.94444187121956,3.16817278014107,0.0731050849097234,0.314674504387417,0,1,1
5dd42e7f35cf744223c60d1b,0.72369003355869,8.66224899730506,0.67683952611071,1.85883633917593,0.144595401890591,0.557416174064954,0,1,1
5dd5c04f86c88658b24d4cde,0.789903781559084,4.71016212686253,22.1838957241351,1.66015133411258,0.308945204023591,0.299983803056553,0,1,1
5dec8925be656d35d4005320,0.700633407580438,13.3843743024425,0.67867744373274,1.17248407542796,0.0392690718573677,0.438797825097573,0,1,1
5df4565dfeea89323021ef27,0.65218530901546,16.4088998778205,3.03396809268998,1.64365243702869,0.12612482083629,0.109126311146312,0,1,1
5df6542c1e2e5844f407f08a,0.728890507643943,4.56075547797025,0.816065061738441,1.86565870314803,0.138979392011488,0.571783973756126,0,1,1
5e07d174da6bad1342bafab2,0.66970343203513,12.4146002790835,2.62948572786265,2.29324376261759,0.117805005708238,0.107633735253853,0,1,1
5e126c25a98a7a8fab258f14,0.955327942679989,15.6512145454508,0.926266016171394,2.77903134232654,0.0478994885684074,0.110055466375266,0,1,1
5e13ad514c81b2a01ae4aa9f,0.653564301300452,5.84116487754054,2.24626638014673,1.91265178483793,0.404580036983596,0.566026902464854,0,1,1
5e1553fd1e2e58b6448d8dcc,0.675095977197335,6.1428309859063,2.72944414343421,1.84079920604249,0.127944722104149,0.0830013540897402,0,1,1
5e1f7b2a4c9b832b34e7c9d3,0.811852790522091,8.41728905689411,1.42243063841786,1.59842228639366,0.0414470537457447,0.217175170041925,0,1,1
5e249f815e04db720e47d872,0.680505243995256,9.65793891685446,2.33089536917811,0.711732492544034,0.074513441244457,0.122302474907448,0,1,1
5e34325430e5263f0bebb32d,0.574236626617359,10.1951593644298,0.785359772500106,1.84246702199702,0.143053691212364,0.260021705860776,0,1,1
5e42f74f5b772a18434cabf7,0.681554992197564,9.70727035184774,1.78648083582043,0.904615829902996,0.408261604708706,0.300573988840627,0,1,1
5e4c0ba01ae5a4000b539387,0.726696394303023,4.08204230944232,0.499602262548434,2.57744190762996,0.509709130250051,0.477719175488333,0,1,1
5e84bd7c34d5d9072128fac1,0.72388808927666,12.4998407800006,1.64765843398132,3.05132098577663,0.0274816981723483,0.175406465694271,0,1,1
5e863db644d87426bbe2e92a,0.908750523844231,2.31559512145108,3.16003773001332,1.97418042496793,0.0660311821307507,0.0965614423029859,0,1,1
5eb041548fb5a50b442ea70d,0.783227376652919,11.9960626062014,1.45862876315996,3.9616087182585,0.043415020901004,0.119783606147836,0,1,1
5ecda7f6509c241275db7396,0.847575674367608,4.02495297568516,1.1393931433176,2.23061479056569,0.0950545301945712,0.195207120912575,0,1,1
5ee09c1a0c2ad1027f541f53,0.763222326501561,5.34882924348507,1.7825465043734,1.91902223879141,0.1991623273694,0.195126635126693,0,1,1
5ee1236e7f235110ac6c4ff4,0.528125206471111,7.88712106550067,0.877582177116139,2.08367998635544,0.115168590458931,0.0554313107465644,0,1,1
5ef0e873ba594769fa910258,0.796312616628068,7.36880237213323,0.712028039738697,1.97979392000105,0.46880374463544,0.592593631501308,0,1,1
5ef8e0fc2ce3c6644665e347,0.756473729603897,7.85213171019076,1.2652604210696,0.767847301359717,0.110553340152207,0.184756985488137,0,1,1
5efaffccf90911000c95a3cb,0.519090675996097,3.85925083080614,5.75307516546057,1.79118832240985,0.35890544661549,0.720303597764146,0,1,1
5f01d812e83c5732b0dd15e6,0.554343374217012,3.9105187041868,3.63191946343926,1.94713783062394,0.152169137349084,0.529399267021361,0,1,1
5f0fa5d6f1db6e19c7702e0d,0.670947394893498,6.59142511547175,1.33418267402925,2.72040198780219,0.188915298804263,0.758803324398105,0,1,1
5f16f559325a640008bb9a07,0.590706884529081,9.35352040215638,1.86116734619016,1.59577297122477,0.0204082131145481,0.500948678012837,0,1,1
5f23ff398626c51fdd6c3fb5,0.822142187181134,4.79977227040787,0.835188295768866,1.70779949144513,0.753992783578592,0.506393560426068,0,1,1
5f2a12f5837dd81e5881b7cc,0.821237162851194,17.4591511628005,0.777895579780265,1.14067125740746,0.0756413947246827,0.449550215207595,0,1,1
5f2f8574ff256b37b1970220,0.889541618847013,5.61047468506468,0.309578589881494,1.43396444238195,0.523125848027051,0.438123260366087,0,1,1
5f3d6975ef131710ed519c7a,0.551534220436632,7.11141922544546,4.80296581453913,0.875878307585148,0.554160209642987,0.519479563294016,0,1,1
5f4a835e9e84256238129995,0.73124960132288,11.8402836110103,0.53037836148029,0.93553850828717,0.0419298144219556,0.433056778596223,0,1,1
5f51587f36e91f38fbf34c23,0.833093621001183,15.1349742313644,0.63199159591136,1.91744166337855,0.0312624498623102,0.352222719163014,0,1,1
5f57293333c15219a0bc1073,0.755701969084255,10.2329618781451,0.71222565396956,2.70897056899265,0.722437402554785,0.6082684597446,0,1,1
5f597e39254a691df1186a21,0.506064479863084,3.04482888833005,15.572559119819,0.750962042334605,0.120223157845265,0.581675799581199,0,1,1
5f5fef6ce0809f0d5b3cde5c,0.515798270368669,2.12759096798079,20.6160515561422,1.54760113447194,0.0836944154197255,0.613556637429727,0,1,1
5f6666e43be0b923d23c8df8,0.762519950438695,7.37155057433368,0.756600510652537,1.79819819822093,0.459273292459919,0.54210294712858,0,1,1
5f712c16875f0375275c57d5,0.717472094338098,14.5107221948511,1.8856694799306,0.846853403590473,0.0165506636252021,0.0738354056492488,0,1,1
5f765a3c8a6ec010370c9cc1,0.499515110935424,4.90182436812882,17.3490685049153,1.59029982824685,0.0360798595877141,0.221214373406792,0,1,1
5f7694edc99f3112b494e122,0.912946765262195,7.64601857786772,0.864596598285433,1.11757516193471,0.468984344955411,0.787950226781885,0,1,1
5f81fc9446ee002f681ea5e3,0.723212176920817,12.8683565858012,1.81125897644775,2.351031336673,0.0721076253268913,0.174760437226977,0,1,1
5f8b3c348183d30f91832a2b,0.713883299188184,5.7807723511444,1.6584577179529,3.00313076079132,0.211542121025677,0.45595901508795,0,1,1
5f8cbc5c355ea745e6cef2ca,0.929503744936154,11.2152326712585,0.902793867437075,0.832748884240512,0.170444752059199,0.531524368290433,0,1,1
5fa4c21a04bc5912180291bc,0.680367493033227,12.5920917147725,0.711745904216403,1.55917845849419,0.0364234925148975,0.189899728425511,0,1,1
5fab34d5e971f1617667232e,0.593991009501673,7.90054173171793,0.599815935763257,1.98589553348919,0.317362928070745,0.489716908749115,0,1,1
5fadd628cd4e9e1c42dab969,0.66462720087846,10.5028931294721,2.95374925286781,2.89200560217072,0.0825130668721155,0.065776573442097,0,1,1
5fb7dd473afbb1033b491811,0.901016640347535,4.49069570769124,0.445843275202452,1.17572576890585,0.438869287965108,0.308491027793592,0,1,1
5fbd92e32c9c841bb352e09f,0.491823100492948,3.36009722876365,7.28934619485815,2.53054440688378,0.0947708097001242,0.497621247907591,0,1,1
5fc2a5c0ddfca10169395662,0.864894100262522,4.02285363005038,16.3396438320887,1.29643645078361,0.138859433330063,0.220557106192274,0,1,1
5fc58cd91b53521031a2d369,0.506043152173394,1.89804021128173,8.37702110148997,0.78542627102274,0.16651724120448,0.617382183276765,0,1,1
5fd5381b5807b616d910c586,0.667635412063214,6.77513998459118,2.58203173920723,1.75245500816916,0.213754507157731,0.134355794814242,0,1,1
5fd7782dee03dc08d3f3f491,0.826214709784988,3.38894470518726,1.58872962019564,2.36713846725979,0.0291732302171186,0.126078709798146,0,1,1
5fe9ed6604a1df94eca17a24,0.620366836493709,5.00686668366091,2.57485826571004,2.08809768640385,0.122812607028097,0.604901221032178,0,1,1
5ffe235ea848b74a3b3ccd07,0.789053204457593,8.43213337002798,1.49905566671109,2.33789590577334,0.0818926079527006,0.0745586428298601,0,1,1
60079f45348bb62bdcd363ff,0.911971924817629,1.29537256346992,3.19649779671097,1.53302260999678,0.329103413779976,0.178514564975706,0,1,1
60147514665c424b4b812e7d,0.82618020253779,8.33135143774715,1.52193901656959,1.13655068896218,0.0738416649766876,0.19757751822144,0,1,1
60173ba4df028898aa20838a,0.669018135290387,5.02957646544547,1.88848933002787,1.6772568678934,0.122853169135752,0.231027617440139,0,1,1
6018a5c0e1600b187ccb8693,0.672483143425953,10.7820118765475,2.31891911576856,1.52695709790301,0.143232144735508,0.176667358959992,0,1,1
601a2908d4210b238f755fed,0.768018310925349,4.53859150538475,1.72959735357106,1.96098105591062,0.130585968446547,0.508596821596163,0,1,1
601c6342141cd277e220c083,0.883044439303092,4.63731160753894,0.66680877502566,1.16564908496863,0.149826897097605,0.50008052162973,0,1,1
601ee216235cb139ff0a631f,0.653225849067849,7.93332143463153,1.86188459793895,1.84473504454567,0.205158665400935,0.458545221984226,0,1,1
6025b3681ff1521a3369dffe,0.856205396514087,4.44375192982147,2.04837174977769,1.72984622481341,0.0219070272398915,0.200373982777994,0,1,1
602e763eef81ce9e57528e1e,0.53715493143409,8.48539205850651,0.843203837591204,0.683619899034561,0.36354862980591,0.18935137856926,0,1,1
6032aa14166df72d4c8a331f,0.740524399540636,11.6635382984632,1.37287804359172,1.18182286377187,0.284768479558207,0.208216639936492,0,1,1
60370cc8e1feab5ce84685ef,0.641576810715851,7.15226051775035,1.41008922072356,1.63382929635519,0.221633119395475,0.57550413689517,0,1,1
603c92ad5ed1c29cf04476ca,0.579616496865601,5.55944580944834,2.32174164036485,2.05063361153596,0.176748849992088,0.363568937284381,0,1,1
604011377e5b121dc3267a3e,0.905838021684119,0.42492924959006,4.94626634221854,1.82937767417135,0.374295313843029,0.347609498243912,0,1,1
6051443969acb1800712d081,0.885809729861868,7.09990408242233,1.67378638336693,0.708334622231313,0.0138546681036747,0.263804098531423,0,1,1
6052961c99d0779f4f953050,0.625461845351718,13.3547470784362,4.01143762910486,1.82818435727891,0.251027649205685,0.097542990187598,0,1,1
605de3af48d7a575adb95b09,0.913238878358233,4.61602471141235,1.03050138373445,1.7766817411332,0.279217222986068,0.098677559853539,0,1,1
606340ca7faac7025f31dd57,0.706063158411898,7.85225847988199,2.08205336159254,3.35289945423227,0.0819511690601235,0.08048263215771,0,1,1
606a3cf263a18869ac8ee0ed,0.535464484545451,8.6549692830558,0.857149839553452,1.66762507506245,0.483665605160706,0.0771445431998702,0,1,1
60774dd4c93ddbfb673deee1,0.574237703598123,7.44942932562923,2.38777778325492,1.65945960721395,0.100357912500406,0.419508089069375,0,1,1
607778a26ff3de83125f50c5,0.71871217170891,6.84395267794379,1.92901072021017,2.88785470317795,0.168709621517366,0.264689597281267,0,1,1
607cbf385d3202721e3f719f,0.65823531471074,8.13001763757038,1.65579201420744,2.14285331715476,0.132474431654233,0.490301245239615,0,1,1
607eafaf008af56a5a3ba462,0.59905879155136,9.14024028907887,3.90875890396163,1.89381766594711,0.646860377791785,0.530713536494591,0,1,1
6091e1be3df7254e526f7168,0.836610553141548,4.41242348876748,1.63946446659059,1.49157687709034,0.0314788648356212,0.221523218792307,0,1,1
60a7eb63dab0406a75e79293,0.637775647342798,7.04503786581305,0.455304437413517,0.598673340618017,0.343793895305737,0.050770416810111,0,1,1
60b49cb1dc5470789edd23fe,0.579356295945504,7.29431574063147,0.68861092309109,1.21279938376793,0.625014531336215,0.123661925371033,0,1,1
60be3a1699ecb058103a2292,0.926992014885276,2.61356874118917,0.770308768380251,2.21931624556727,0.0388650267612307,0.314491067476544,0,1,1
60c6e4b6069d11620f91f6b7,0.617432000499705,11.2573548446453,2.8055538301328,2.30653483498067,0.396202729139752,0.480606704269558,0,1,1
60caf58c38ce3e0f5a51f62b,0.691633547638197,7.32600327092374,2.40750508405081,1.89018065681179,0.0430276001426874,0.108515491295622,0,1,1
60cd861b7d0e8d0ca014e272,0.701551875338033,12.2389916487659,1.79984437235586,1.32896969039724,0.508142997903818,0.206793653386754,0,1,1
60cee4ec871f36088fe20ff3,0.750537540765527,17.7197923549539,0.927596109749753,1.78605318724047,0.0356667927224202,0.201748844032823,0,1,1
60d5c363dd49bcb80e528806,0.855547018734158,4.81245596595223,2.41983151731288,2.81217662708823,0.0278836823658861,0.0889957739336014,0,1,1
60d9e874269237cc2a228006,0.571318389848979,3.284150482863,7.94433948136949,2.09745750706708,0.125763991139207,0.65962687476492,0,1,1
60e36e6ecb9f00e7b4dab92e,0.622816994637705,18.1555372726946,4.47260964917238,2.43663100054066,0.102552620959291,0.0513113730100572,0,1,1
60e792f25e9ab875f9605cf5,0.6189356597908,5.39423319412039,2.03848044463936,3.03523365148293,0.201234210929054,0.475762550544722,0,1,1
60e8b06bfb1c78d450ae9f79,0.507885992454686,6.304322114989,10.9326245849276,1.49054258556416,0.735022887195666,0.754825632233878,0,1,1
60ef2700e476748689a999f7,0.699586390033618,6.07277736165209,2.40349359345467,2.90402836814568,0.0728677429249127,0.109708838785929,0,1,1
60f19b1807eb96e727acb757,0.786156299462526,6.00071920639189,1.4630254506514,2.82066753036902,0.0565273829433729,0.209201861924729,0,1,1
60f4a2d142c69dc1121b6dbf,0.646875462126188,12.8128325988653,3.02211906761095,1.56817435329909,0.129576017085853,0.0916337094941197,0,1,1
60f6ce6de6cf393bcde0c14d,0.542847939707791,8.68519321988313,0.753730074393785,0.813086558615196,0.591080512651884,0.168397960765191,0,1,1
60f8cc430a3d06de34a78773,0.535122620376714,7.4062595598584,0.838975252792316,0.410628915849976,0.122821033490618,0.148059681734234,0,1,1
60fa0929b83c13a26cd1b8d7,0.912283696524097,10.1680845875809,0.550426877672527,0.691989112601985,0.0690965544237559,0.304829830933013,0,1,1
60fb024cbfd74cc251c6f9b0,0.61747566376293,15.0366200298713,4.5271588303058,1.14477248744497,0.253620096106178,0.0667545648701367,0,1,1
60fbf61d2b955086ac1b1331,0.71069463992462,7.54272140799049,2.27843681964068,0.674289942276024,0.0241107691009727,0.0901729045367214,0,1,1
60fd6618f9a377f54dcdf318,0.66926874588818,9.58576741684254,2.36851323463383,1.37767541669527,0.0978485945935772,0.103765081327989,0,1,1
60fe8de5380ae67bf7370ac8,0.631616369059314,9.74854045639569,3.02362901517164,1.84313221868332,0.6038964875949,0.397633189198695,0,1,1
60ff2c3d915d23318b73ae8d,0.734941539428514,5.43920348664022,1.42313296745441,1.50736247260457,0.227007168363625,0.602899994945808,0,1,1
60ff7c8f4f066ccf6fe05587,0.743315405363278,6.00018261447304,2.13750178813853,2.12003116852354,0.0500878096509613,0.0938902559702194,0,1,1
610008383c0a128712403745,0.707060689338759,11.4251685173969,2.04818235326226,1.10830279221023,0.350710523382007,0.143587049616416,0,1,1
610038371297afd6f2db9323,0.625183787131156,10.992141846252,5.19786522632118,1.24705702264776,0.0474575798823078,0.0404408651587766,0,1,1
61006b0f1f3bfddb6b4c5d55,0.62986183012636,15.2706086316037,4.34448216415745,3.0162408764516,0.216098401845411,0.0359309163323697,0,1,1
6100ad3174a06d6fb34718ce,0.50019045173276,3.06040481518645,9.82015623815004,2.1014114714175,0.162838479711056,0.70860537084086,0,1,1
6106e56a30bffe5aa77176ee,0.801043256303615,3.73934940616699,2.74491075040168,1.58608773021764,0.251213188852859,0.168803952873298,0,1,1
610cd5f2b38b2d1bffe55477,0.742418264210535,7.79069061172226,1.64052807832491,3.37222925592941,0.0309032016188907,0.102500919833097,0,1,1
611167ed8d09c1e0fdd862c2,0.651222250963934,11.818065464093,3.13531893647603,1.63245634321376,0.0750604185089191,0.0484905990317911,0,1,1
611622ddd8be1ac51298cb89,0.52795044246269,7.92492118633265,0.883725963430505,2.72682120737978,0.0898832519834915,0.0447076693609562,0,1,1
61183fc3800e4a722426bc6a,0.790091967269634,5.70750608024918,2.47271133606331,0.51397873574226,0.0230575941858353,0.453568447771397,0,1,1
6119b5c448fbd1d8b49155ff,0.817362565182111,5.7209133488769,1.90647559260291,3.0818353956312,0.026358164071348,0.116642092249237,0,1,1
612fa6644526903f736cf925,0.793595075805658,5.34914350927489,2.53558128507541,3.09309530880631,0.067113947910668,0.132790908783813,0,1,1
6136503d70302c9d1aa894f4,0.782982255412402,9.71075747708426,1.30623267808887,2.09601161797645,0.0705310482928856,0.150054847051988,0,1,1
613e77b91fc96b58404a4584,0.737897869119909,8.44938823798401,1.89371790083198,3.59819809329111,0.0217881825119071,0.0715604129787791,0,1,1
61546cf3956218b9a9e5a699,0.724940800082007,5.69186994869334,2.78766296613284,2.53065212284981,0.0517092639687508,0.131423435874098,0,1,1
6157e566d0e2dea35730c6ac,0.553526520332519,3.31200991149864,6.08828921507871,2.17367597167715,0.550324748970713,0.601312089748203,0,1,1
615838a2d65d6be56cc96091,0.867002102309224,4.6509146155669,6.85391589101652,2.04151619941563,0.014554455828031,0.240935460359657,0,1,1
6165a91cfe487d469c4242fd,0.561951875437524,4.52066547821591,4.52021506966392,2.71879278781109,0.0525585715507324,0.466665958549521,0,1,1
6165af4b36cb3bae91f2e355,0.737100390754895,6.62884147019432,1.85317129254507,3.23669769099993,0.026780048328431,0.215084652562086,0,1,1
616dabffda7757926ea7e84d,0.634118980190675,12.4785408712013,3.46431850349305,2.08539604655923,0.313853144747955,0.102672182655617,0,1,1
61bb392e40db417c1a138dcb,0.532211357442825,4.1356326009558,19.5615281064885,1.74339372142834,0.343810272618157,0.74526501916067,0,1,1
627d1b0ff09ff00d79eb9d35,0.512351978703103,5.45187499294681,0.949060400899067,2.17976968677054,0.376395651027696,0.203592784791125,0,1,1
6287f4819c5fc8c4d48cc885,0.654309952957315,5.88054831903832,2.5741846611156,2.06869321204682,0.1047490583525,0.16189947563599,0,1,1
628f827eeb876ed2617881e7,0.534423580913743,2.77022522069309,7.09720576072957,2.98426732144753,0.352256484327478,0.737066916239043,0,1,1
62926f5a375553f13d68bc92,0.87248257486968,2.90202989456348,0.822410728235038,2.64804063464991,0.689338746378887,0.333690294749652,0,1,1
62a0f7db18a72f2654996af3,0.847952925228431,6.21303846280473,2.12949141246679,2.12267784768689,0.0122288197720599,0.215818682434145,0,1,1
62b077136224952ffd679d48,0.627568136412568,8.27534079565649,0.571596019371844,1.01958456077887,0.73732696964017,0.255484622222098,0,1,1
62b0ff84054c6ca32f481c65,0.69942607916991,8.01510037596714,1.51385758753967,0.857440701399122,0.224897983780779,0.439239135139586,0,1,1
62b2c25fa2e87e7ed2da2b87,0.752330084189198,5.9455435705652,1.98563544571634,1.82573635236632,0.0509133657982951,0.103378422001001,0,1,1
62b32a0ea4ec7b2c14906e26,0.549237932805507,3.18462072064591,14.7856675547625,0.978174175358536,0.0611513859524194,0.718519684486903,0,1,1
62b496ea7c06f67ea068d0d3,0.842705948917027,3.74127014753098,1.6938736514164,1.96419632849831,0.491927769045467,0.181077108606423,0,1,1
62bb42e2f21cfdb280cc975f,0.656599616342613,8.36684703096462,2.69304687403161,1.46790381155677,0.398797851956978,0.222296936816489,0,1,1
62c5d77b4eacc0065ba43fe7,0.687158459868837,8.24533185726462,2.14262405972989,2.48542151108545,0.0994398161785778,0.107406829027203,0,1,1
62cd43d66c2dd7ae9ab53ae7,0.552040233256083,7.27142798218826,4.36652785279823,0.413650509645404,0.114104473992869,0.41897414898813,0,1,1
62d86c63e2966588c71b9ff2,0.83639007918544,5.8756136530084,0.991640767267949,2.96047733172682,0.097723044073867,0.348655576616686,0,1,1
62d8e75cba698660a22802c7,0.937729787352549,4.32816546158122,0.946606717996574,3.39348415777766,0.2071698319472,0.444479382805787,0,1,1
62d9e46fded6a6209a518499,0.739495600340126,5.24763583510214,2.57983526193972,3.47129459441761,0.0470765664761032,0.0910262750597929,0,1,1
62e15dfab54f025985de6b5c,0.655636418149774,6.27193286199048,0.479771883960047,1.87456755409482,0.275282028378098,0.0335106912470596,0,1,1
62e19208352cd518d7b2f085,0.791882612701772,9.31068367480999,0.630041206679731,2.17101616786219,0.440697986760067,0.550540051451963,0,1,1
62eaf1d2015ba1448aa273c4,0.827250519800502,3.55818321108789,1.893585496977,3.01720447200458,0.0805325721885265,0.360542037702114,0,1,1
62f1b2691a5ac1c03a9987a0,0.630920531988587,10.3952579591234,4.34357100919694,2.09368738398096,0.147997333607616,0.0440573149950717,0,1,1
63038702fea51556c37c36cf,0.908188013814563,3.52089114184748,1.89585357575379,2.01001216522925,0.210875465029175,0.106802805286916,0,1,1
63052f20afc39e87110eb83e,0.684829501117278,16.1057508058854,1.99764966801348,0.546927106183546,0.108646988231649,0.128278940382605,0,1,1
630cc9747cb664e8a03c29f0,0.67067460833605,5.1672501262046,2.14896094580969,3.55481528002801,0.104974263265851,0.381926231175953,0,1,1
6316212c1109a3b1bac89fe6,0.582102459462695,3.33336891061857,3.48249002544685,2.76782714700924,0.167928366131849,0.669939984836806,0,1,1
631b66847990076d05887914,0.944519982253658,7.12119373514108,0.564674952713927,1.43168041156596,0.644755773136341,0.525146323122756,0,1,1
63225b65b2d6e889f7289909,0.673547815409756,11.675531088705,2.26280447700147,2.64087067402616,0.0656440047619184,0.0586189070002065,0,1,1
6330e50102d0e9d363d139b2,0.579004300314345,23.6730660061962,9.79192348235056,1.279946702667,0.237979154134157,0.0207192530965434,0,1,1
6333926e48c34a5d39353558,0.871472456856945,6.11835975256087,0.941017743765678,0.939968212653192,0.0458676564526227,0.326710972930798,0,1,1
63378180a7bc5bc3427e8db0,0.591040488055507,4.60271430937394,2.94103325295403,2.09246690276246,0.423245474070818,0.773214568445023,0,1,1
633edc50cfae73d4a72ca889,0.71775810573981,14.588250649412,1.28686206506689,1.96159058291608,0.138494820750159,0.232286147966901,0,1,1
6348846ae221cb4a0efbf3f9,0.531870904334083,8.46824102596376,0.880932224523674,1.33606341143977,0.396729128062091,0.0487707736100923,0,1,1
634d7bba21c8068195b53016,0.663015639448822,7.40249658755904,1.21267014001681,2.26577858347796,0.0512912222533853,0.505511002725267,0,1,1
63617d69f2a3425296c8d89e,0.506122033761432,4.35390271364709,18.2388288624734,2.24242217027241,0.862253321237296,0.665225564252387,0,1,1
63619eb02e5bd8f4f7bd138a,0.940511774640488,3.43819424140236,2.7790609680706,0.787604375126874,0.414449504265024,0.197571158668529,0,1,1
6376916db0ae9a57d377d0d2,0.545828027525671,8.1148394720145,0.741694541685849,1.96791838157377,0.216373976875199,0.483592467946175,0,1,1
63971ce5ac05acbcf187d303,0.511204827527925,2.30628924537808,27.6576674455914,1.89924640639203,0.837652080245691,0.527926541253413,0,1,1
63bb9d1d25b272b93b81523a,0.722060518875721,9.17780645306557,0.557718000987556,1.97753064132925,0.0712324521495735,0.311485065407726,0,1,1
63bc7562fc676fcc04f9c640,0.656945705386185,7.83394043210579,3.07686227051292,1.55881276508702,0.125172485108354,0.0963038100891283,0,1,1
63cc62e53735576a651d54a9,0.513940606399616,3.94074667545969,6.77416029813611,0.723663318275185,0.119875425930844,0.321720871484007,0,1,1
63d1156045971dc6b0006c73,0.731049001257706,13.8994002956345,1.51131221160683,1.08727123489701,0.0433798242894074,0.0982987964005413,0,1,1
63d13d12c35a12dd05922c69,0.610676572843389,9.82032222831732,2.17425352042722,1.71148432696989,0.0970794769981134,0.243973382132082,0,1,1
63d193c45e01ccb694993e7f,0.91974743652438,6.4558523378985,1.66019781987096,0.731305094120294,0.0256978974342855,0.0777885536242495,0,1,1
63d432e27555fb4b5785cfcd,0.683928862508489,4.7709310152346,3.07008390475938,2.41117701740633,0.0879206705756542,0.162678667950654,0,1,1
63d569384ae2cf6d4dce7c32,0.789369126555742,8.10893573117085,0.549172661202072,0.914922534894636,0.135104571528916,0.51384262410319,0,1,1
63d6873b65a6170d64a652f6,0.592182187753562,4.99561811550983,3.58304864014916,1.1273053557074,0.102374113852347,0.213498356504353,0,1,1
63d6f2705562fd353b7948dc,0.937127810392504,4.48683888119215,1.23912120960969,1.70908165708328,0.183218418314615,0.0583388023150195,0,1,1
63d7e70fd618cbdb3e2f3aa7,0.921638585550876,3.99790059553912,2.64887911759236,2.12414414929838,0.105395237043385,0.189682308983903,0,1,1
63d85999228b7d6b636dd96c,0.761990716143841,4.97986805837836,2.29085321549461,2.46203848868904,0.0303499313361163,0.114207798898618,0,1,1
63d9bbe653e18c0a4e74f51f,0.690656686619605,6.07857644641646,0.43449323141934,0.839717291522582,0.194699303245562,0.0487035229409614,0,1,1
63dac3039dddeaa909a790fb,0.613612619321834,9.86099888796803,4.6438013614117,2.24219375334185,0.124563091030879,0.0591481106787898,0,1,1
63e5242d0f2f6cbb94a848d8,0.775858120367614,3.66551505987412,2.00623973956373,2.33073279765343,0.346831505212477,0.574906321160111,0,1,1
63ee65e3470c23cb401ca89a,0.523743985796648,4.86371660206312,6.22388864299285,1.08473588490512,0.250053664847409,0.590422063097564,0,1,1
63effbb357025439ef9f8843,0.902289501557596,2.31445420101515,1.70351653527474,1.50100221235308,0.393468272135885,0.296150172684411,0,1,1
63f78c9346da47f7f8f3aef9,0.729033205533053,13.3223380295397,1.74254051933425,0.822950312697501,0.0115974917591159,0.118944179017723,0,1,1
63f78d9a7a3d118594efff74,0.745005853410415,6.58828062155807,2.43451233385597,1.34869039464482,0.0489203301014346,0.0929087072648368,0,1,1
6400d898fba673e3167299c9,0.859380443064016,9.03953001888957,1.36982450662529,3.31476874974622,0.043643271248705,0.0391274381899135,0,1,1
6400df3b4bd1fb13b52727fe,0.782379683330322,6.4315286955401,1.75721493735134,1.09814494260547,0.0726341263316523,0.184842729557483,0,1,1
6400eec38e0aa21ec536a8d4,0.720587505531866,6.54365590094926,1.56319974769013,0.444340154367475,0.398523583705886,0.514818959841626,0,1,1
6401307fdc0c5a08d2518c67,0.880887769334694,3.35952738658886,2.56125921013318,1.78689026504119,0.015622802102902,0.577568364566378,0,1,1
640feb5e49b723bcfaad6437,0.911707542733281,5.26564147975247,1.32451147557169,1.30502899683238,0.168841632576401,0.219459060926946,0,1,1
6410e0ba81f88046afa861ca,0.958609276851702,5.63674499977542,1.26721147581356,2.47719382586586,0.459756294193358,0.215436084863558,0,1,1
641357b26802e397b5627d5e,0.64727743439765,7.69178208181024,2.95779891010149,1.40443895389941,0.0712041111935164,0.205299231840727,0,1,1
64136bf30b27746cb96f7db8,0.714621355210342,9.49967673227811,2.30799202248501,4.26906027133572,0.0261877797538273,0.0528577556545621,0,1,1
641397a5ea8f5954ad10fceb,0.808927490608374,7.33919139350101,1.2229352673398,1.87016798663477,0.190064500192142,0.499348062665991,0,1,1
64454350de7f8a83ebb0b8f9,0.685391612405516,9.92767486027627,1.42908333999655,0.935103269459333,0.69945529542772,0.555683077396204,0,1,1
645370803cea22f8fb1f8342,0.928012809575892,2.91860707499831,5.68731765334466,0.909587151771467,0.18250069983576,0.204952151945172,0,1,1
645a0f712b769eff5a97d2b2,0.751251972850118,6.54647096411686,2.11303461664323,1.04688175341895,0.0373547338708177,0.305177148014853,0,1,1
6461bbd8b010cffa35d7852a,0.660245231267427,10.6878213507771,2.67133856649717,1.01930833020757,0.306006690868335,0.0801346295238586,0,1,1
6463e139c1cfbd6321e08714,0.911384991647992,14.5678483011162,2.20870490529469,2.07396683247856,0.0302652451777581,0.0649344561673355,0,1,1
646774e0f86825ab62c37581,0.501480410900597,4.46673895610471,26.2692394703242,1.37891098422197,0.862917329905769,0.390192086533932,0,1,1
647c65c5acb91c89819c7970,0.788775820572537,4.61779514894882,0.972850438673632,2.08477182714096,0.111650879625878,0.246284159672393,0,1,1
64875be76d98311f043edb55,0.676944674022264,13.1022370998906,2.1491243130873,2.21009078626369,0.141291944229881,0.112643104262418,0,1,1
6488eb2841a2c8ae8a7776ab,0.835205954280652,6.71141053439854,0.436067812811501,1.42300546859158,0.375916124209254,0.522894071751673,0,1,1
648a3e85644594030e52bcfd,0.54997449034098,7.7989593407327,0.799438781579868,1.6616140690068,0.466429445945422,0.030112867797688,0,1,1
648ddf3aeff70c1f26ff2652,0.946345498677933,2.90010381249312,1.44451596331438,2.49639103599946,0.512055882795555,0.146681855975152,0,1,1
64ec9ed85cb559b2dd473883,0.768079923826535,4.78263353897671,1.28006214949794,2.65432104828377,0.0965093943154788,0.448485588739311,0,1,1
64ed752fc6520eb4d00b1992,0.561941906850686,4.02674722245836,5.12232354001118,2.43808187609484,0.310551164028489,0.482288159087877,0,1,1
64f3c1ea663cc3247e8100ce,0.922118627923593,2.25176786895862,1.27886721239971,2.06048178881817,0.12777579378753,0.220785156747392,0,1,1
64fdee2b969a06603ae3226d,0.630405606102429,9.19869759227527,4.06751855912758,2.48732249588031,0.123380067933565,0.0571327495856264,0,1,1
65028df3dcbf9224299692c4,0.686175315645294,11.9367170957885,2.46798597299721,1.86874549773033,0.102420202152278,0.0610248140433629,0,1,1
650392fe8aea9d3456ad769c,0.76654252836172,11.1295992026443,0.711087945073744,2.01188623302314,0.0628454209631945,0.364860101901299,0,1,1
650739048d93f13a5f6b200b,0.550947036931009,7.09390577475256,0.840757654848364,1.01473590433222,0.285905159466049,0.411380398660161,0,1,1
65087d8f2ba136783598dcc8,0.530587457266611,7.73909390476913,0.862220221409686,0.675237840652596,0.0600799941519291,0.170548338171191,0,1,1
6509b5c86e567afec112af86,0.655175499807826,6.57544845807306,1.05129803034157,1.58336366993433,0.190767677243379,0.484551363369398,0,1,1
6509d823ba8e80eb6d142f52,0.966832789387838,5.48384226022607,1.36942851610934,1.76614286934658,0.431641903245011,0.260841232260249,0,1,1
650a0d3e5d77e2efe1142faa,0.706863478681865,9.80115574695045,2.12031843222117,1.78171510287147,0.0604935452236686,0.0881356356013996,0,1,1
650cc5b9b1d873ca190319ca,0.884861400938984,5.66019961449225,1.1688458222019,2.11104374532459,0.229991272408381,0.482316988592511,0,1,1
650f07628a3af129936f8c33,0.90337685618998,5.52898273319718,1.2728741542017,1.63007621701199,0.318099302104447,0.564686770850619,0,1,1
6510cd961db8436e29a29680,0.717900887620706,6.78051852670774,2.02116883664861,2.78774195531452,0.121260141238651,0.0965908297308122,0,1,1
65170efd2a0e6965260a7fc9,0.535273194672339,6.86466058782498,0.749369281677391,1.93511484309963,0.0805868534696166,0.305484254895464,0,1,1
6517301b6d21d25e19c7e501,0.620637468989908,10.8764013667299,4.24784592847785,1.27013928815371,0.302408681694691,0.0772910980929798,0,1,1
65182e1e10132ff1a8d56997,0.766670490748764,5.21758856526615,0.627965335811504,0.913289373273256,0.291087604317412,0.547408843428213,0,1,1
651b1eb597d19205a5069db5,0.684193110497915,5.98667289394313,2.64702583913819,2.10071515820308,0.113188617777541,0.130223604000081,0,1,1
651c02cd725ed8394f32b100,0.846225394707021,6.14095666103755,1.59106252316156,2.04398689519736,0.0295842693254908,0.185248029518354,0,1,1
651c68265a8d5b5c6d589acf,0.689767995609887,8.85454290016577,2.16485137741192,2.12396299725146,0.391030476648424,0.183224102065403,0,1,1
651d6bb6247d06978a8cfc85,0.930615835338911,3.27707553331062,1.70279840141773,1.86021227170147,0.199627936355905,0.374036928674266,0,1,1
6522a86994a5ce0d7bb9feba,0.724249697937405,8.57875585278582,1.708325998945,1.54186610913984,0.601457359084518,0.421894259525749,0,1,1
6522f7d19936291bdad7dc2a,0.849269128830365,2.75935662267029,0.72513576133884,2.06041720063906,0.305693295498986,0.446769975657072,0,1,1
6526e6db8f0e2069023a4ba4,0.651582995705685,9.6370114551961,0.549930116576452,2.12973658560833,0.478229926800979,0.551498861640135,0,1,1
652ab7948cb59f4c50c7972a,0.635796849326299,13.366974293504,3.06920034418227,2.32047110715474,0.673181092451012,0.163232739215172,0,1,1
652d8a4cd08c6435db58fd9b,0.677189540988849,9.42197142685901,2.98602092740479,2.22630810580931,0.198570426530497,0.0704870062617983,0,1,1
652e86d6c622d50f8f92ce06,0.537492885309418,1.91961814795146,9.12026185742383,2.15787045809358,0.33531657033879,0.529022898658859,0,1,1
6531958a74d39ace86a60bd9,0.714599327417028,12.9259886532734,0.661055597855308,2.07019842312928,0.0501859332891516,0.551358992405194,0,1,1
653a89a9cf6755724b6e38f0,0.913365393577276,4.49579960124835,1.0154470293929,3.08913036734947,0.0625939927800231,0.306249271618004,0,1,1
654169aa10550ea538d099e7,0.76239806818991,7.18222802354797,0.466797730029544,1.39359689912616,0.628375492456109,0.493017100366677,0,1,1
65425c4273e7913dcc795ddc,0.907327284018661,5.26654256010685,1.01170550241507,1.45742949855927,0.0450330242814891,0.238150619925926,0,1,1
6543ae60986d42c7abb2e78e,0.923214216845697,4.48138490003266,0.404856513059471,2.91386821587597,0.531530245065238,0.511623150899656,0,1,1
654479967bcbed623a65a831,0.739280036675832,5.29378115634281,0.494318789559349,1.10407487309412,0.239827502368237,0.237697313862512,0,1,1
6544b95b7a6b86a8cd8feb88,0.770180752864421,5.69004191277959,1.19112408196641,2.15681721653201,0.172367632323737,0.370626425169892,0,1,1
65456ebc819cdd5600552571,0.637138824769619,11.1069136243443,3.38457682200087,1.77853179276179,0.226969049332605,0.0657033845801794,0,1,1
654652acd5eda75680390985,0.956384463936009,2.58890802271189,1.75532994758929,1.95102734967794,0.174242287596002,0.189223517604161,0,1,1
65465ac216a26bebcc8d8b02,0.674888093502971,11.6246608378397,2.52690017062437,2.68984637255097,0.324879867584734,0.116413898447496,0,1,1
6548bbb5d378b15bd8e187e7,0.833502652174914,2.59907162793521,1.31180901861309,1.65222523183404,0.455429221426945,0.261649672187444,0,1,1
6548f1c15e6d25e5ab40d001,0.532363289089605,2.08289301934029,4.66313611623682,1.92417963415703,0.148644769172037,0.499222003925456,0,1,1
654a430b10f03af91bcdb7b2,0.792741276025892,5.77969987208345,1.20095413286805,1.54629917137477,0.182519718774933,0.340228644687196,0,1,1
654e8ea6a71150429fcee0d4,0.676756642625473,10.2606118391934,2.73843071869567,2.94346585094706,0.0900356869012376,0.062092937262223,0,1,1
654ee481fcc1748009be867c,0.728715002207032,6.52224616729177,0.358921125049673,1.26596092629376,0.339496639096889,0.17149209258853,0,1,1
6550ea5723a7adbcc422790b,0.72964097299215,12.3339780464545,1.80816984960132,0.994659014828308,0.0521707000729897,0.114597618018801,0,1,1
65550ef99d149b5052b6d924,0.705215139614579,5.57530099723388,2.34780494490144,2.24346981202535,0.32591373021715,0.27207238325925,0,1,1
6556a01177d7a552a0819714,0.758149861254868,4.55177554121757,0.873078577702574,2.04249009703492,0.271176423552207,0.514339795403634,0,1,1
6557311b0fd795ca70b212cc,0.731083325694175,6.0617417279864,0.616682709295645,1.66032890027242,0.196661680315706,0.389707914948449,0,1,1
6557ebf8541bd32382739c1a,0.754373888758386,5.27961819254465,1.32511655998608,2.58859615611745,0.179282698424177,0.253059124042638,0,1,1
655a655f62fde845d4789149,0.65330089047467,10.9027918688725,3.1368891866955,2.20511662362076,0.315498453026019,0.0811658454771254,0,1,1
655be887bea58a8fa4cc9a48,0.837346180912534,5.29026643258556,1.26940429472265,2.55235254117272,0.243622860932263,0.352848800837749,0,1,1
655f8edb8b128e01321fbf88,0.711068663089419,10.3776261450741,1.60198094221762,1.19505695516298,0.687232485358851,0.504361513658177,0,1,1
655fc6a4919a4ddb98818d10,0.762200071007101,13.2556298926134,0.635385050226769,1.22122096151286,0.0197865873276533,0.181310910514347,0,1,1
65627c72163e4c5a24c985fc,0.578706248765579,9.75714254686262,4.19896567785576,0.721288459331688,0.051504607177738,0.326128141709004,0,1,1
65634fb1ae9f62c99fa4ea1b,0.518206479771424,2.00308896943106,14.7031833949429,2.90340950552739,0.173781656349701,0.630054575601643,0,1,1
6565f2f48b9c168ae6c249bc,0.893476582642102,4.09984844402828,0.645298289934598,2.47269303271037,0.398237489918196,0.180328987257983,0,1,1
65674d4267c6b5f436246057,0.782724219889659,3.138910111408,1.63114881848022,2.67220778620174,0.107181422163699,0.715364204147448,0,1,1
656cbe939b8a5cc866d7ccd2,0.863004406601148,7.24635752906146,1.18323196703348,2.47789632189748,0.0415359052031726,0.272548223220026,0,1,1
656e57a72605815bfb770fd7,0.972694859761287,8.27244935281026,0.883810150944744,0.785115255817846,0.653540429251943,0.2960875096875,0,1,1
656e8efb6e6610ae2d831f07,0.842973716349494,6.04980114271237,0.549317901403186,3.0264810300115,0.523723712302225,0.597956968611485,0,1,1
65761328646d5bb2adf235d4,0.629893425850028,11.6975010703439,3.15170574373766,1.38395812970145,0.739796849972153,0.186602348657263,0,1,1
657a5182376b4cbf1cc18bb0,0.480325853115359,3.38085993363951,11.3917330701376,2.63620433329298,0.047864331986337,0.551568559134985,0,1,1
657a6ecc62c29be44b207d5d,0.687039427740091,10.4446511900458,2.4070076802101,2.20221352957608,0.193456588803067,0.0895145035066691,0,1,1
658050b8b9967cdee12d906d,0.723215769031649,9.71383715558922,1.61847163976323,1.95121992810509,0.0324454621892663,0.113959584077019,0,1,1
6584799f35ef411a8fb9fdb6,0.612982327281594,9.07489762329723,3.4063852502941,0.76466917061213,0.460967843482488,0.293484272948201,0,1,1
658f8c50f489cc904ba56539,0.400918752642268,1.90279603559869,9.8278196633476,3.03799073945502,0.131871302629958,0.657791412918952,0,1,1
65941a31ef6259a83e91c5e6,0.756066661841427,7.04318268040307,1.46341460069747,2.58545546949835,0.111378064224567,0.192102901549569,0,1,1
65959a63cb30f7348aba06f0,0.617564578724944,17.2030804052153,4.34162617727878,2.5316081697312,0.501382440776616,0.117581168464748,0,1,1
6595e3b4dc9090390e4edb5f,0.874383867565348,7.25006989725291,0.983400069983832,1.32259068182606,0.144444859776142,0.287459571203255,0,1,1
6596c3663bd4674351a26eb8,0.669919863160377,7.23178936209188,3.11111456731147,2.41296275908564,0.135935189365698,0.0737866862879981,0,1,1
659ab1b4640b25ce093058a2,0.572671534014199,3.50661607958315,4.65936382508417,1.11823405053076,0.14373946939159,0.266240145832328,0,1,1
659af325b14ee5c28bf4cb01,0.919845666026926,3.70103837814673,1.70919792733917,1.04700627688079,0.216138138443087,0.352938343961472,0,1,1
659b6f2675eef229eb252803,0.781248994729383,6.49921963115217,1.26975913034952,2.70327973552694,0.0544653925923254,0.480818471072766,0,1,1
659cc63ff59c72a20e2b7688,0.533457718842233,3.35760680209414,8.34887300141379,2.09418476616707,0.0939199005687711,0.686588354518544,0,1,1
659e3309ae35db2b1664bf89,0.801915623211917,3.94757536979059,2.76858500416782,2.15534012359571,0.0342916803753905,0.0676778054676912,0,1,1
659ff88e8fa0b4623885a335,0.733287004681026,4.25571882816567,2.95417662477995,3.12329487815957,0.0231677852063085,0.124632260037811,0,1,1
65a5a87fe936f1776eb3510a,0.502778152034933,3.48450115814466,22.6735608239169,0.967571370648467,0.695856878264485,0.313085555981105,0,1,1
65a6b5545eb21fadd5a5c81b,0.716830257668909,7.30134956345596,1.9275806202872,3.08173673148418,0.0942674803077004,0.175264196803619,0,1,1
65a705f6ddbf9042d8d529bb,0.905034825892133,3.92422010238979,1.23638854342407,2.05283894410361,0.0917093183234867,0.400179199131884,0,1,1
65a94e73f78666b2020dbe14,0.740520138539842,7.54355789973855,2.42143454488344,1.61179257201347,0.0171452193748716,0.152160304015536,0,1,1
65a970d338d019f9bed97914,0.894755523565925,4.27536224282082,1.59443882591699,1.16323960731456,0.114561381487652,0.173096933348059,0,1,1
65a9b49e86480523ab92490f,0.889464980971745,4.15266308739936,1.33551763867205,3.13430129188013,0.0265719465650138,0.262322349475387,0,1,1
65a9bb664ad821540cd86643,0.648971865951786,3.18498537047551,3.36355472062829,1.7255672461455,0.135076441805981,0.44597466591298,0,1,1
65aa05ea799f4e8ebe4ddf5c,0.702751154817927,15.6450127658239,1.48970112851812,2.68693517184346,0.0611285156920077,0.149689071143692,0,1,1
65aa881151a8be31db30d17a,0.931858677571758,3.02592410122084,2.33118266980554,2.54744600684901,0.0359182075407619,0.147557388242425,0,1,1
65aaa37569b28e0c980ed6bc,0.890364618259094,6.25009996238283,0.905018428704377,1.254934877588,0.0724120292964439,0.392876535920254,0,1,1
65afa8b1f593e35573960cb6,0.772870935323305,7.38537937149353,1.76311202900539,2.92383799224183,0.108273488017537,0.107941292490139,0,1,1
65b549c67c7791499c09f8a2,0.5601426664448,7.07032842266667,4.14714596696078,0.793651055072685,0.0626293895442708,0.462635988942766,0,1,1
65b811a351633575b868ae21,0.735134577123369,7.53976617775194,1.03720102834465,2.27476588079409,0.33081733302196,0.595890454341095,0,1,1
65b83cd504dcc08170f2343b,0.924860496757189,5.93386797080054,0.80555978029784,1.92304836955457,0.465061670026862,0.187938839660911,0,1,1
65b9039cb7246a1633bc0a98,0.514015965743796,5.20662227549313,7.36918345790787,1.1129563267935,0.295379136253091,0.679478388929433,0,1,1
65bba44939d73079f7d2a59a,0.855381764602,7.24240882949593,1.15909819531952,0.955548520853048,0.0365988261286987,0.272409043688574,0,1,1
65bd4eb549b019b9990328dc,0.615941028503149,6.12408278399708,1.77612567175857,1.61840648458874,0.307537828774658,0.563056903723285,0,1,1
65bf988fde82b668f87bc037,0.625560033151522,6.52213414761987,2.28042391984437,0.946392423434906,0.148512491195238,0.407230022734616,0,1,1
65c0f119fa8fd299fde6b9e2,0.629234574396522,9.14408532332108,0.605448233309596,2.46431031763616,0.281434084691538,0.536894159636406,0,1,1
65c1126b379ff4faa4eba30c,0.662859090893598,10.5944147499824,2.96619493469811,2.7076483924221,0.0669141678504452,0.0765631058605561,0,1,1
65c1d15018dd984dec38f4c3,0.910955022338776,7.79227739591815,1.03771407707199,0.852711981361291,0.336956785577116,0.528528923402675,0,1,1
65c243c37e0d77ca70ee030e,0.66384749506732,4.47282665009274,2.43679220830228,1.53836807811258,0.0951994425181671,0.538198929884104,0,1,1
65c25cf77dca9d7ca7d9ebdb,0.712273998792527,9.62159202736144,1.43333193609468,0.936762787979194,0.0495581803766427,0.159043161946152,0,1,1
65c25e3de8b230c294f2b32c,0.693448622077174,5.95174589113516,2.38333823548912,1.74620949103032,0.129483978821402,0.140047966302038,0,1,1
65c26e8407c01d7f38da9858,0.522347272135722,3.79759759246135,8.73434620937693,2.31083100388112,0.353946827522143,0.441155281210248,0,1,1
65c3a122f00056edea1e17d0,0.666562333198809,6.12344489894416,2.17271643539285,0.840636162050812,0.264188139854603,0.176732078682323,0,1,1
65c783e5704051956c8ff924,0.698482854761326,10.0428219011995,2.39474836964767,0.679873122400828,0.0161569110568061,0.106405390810396,0,1,1
65cb0f21257c8a98f470bb5d,0.94884207193547,3.20429789663138,1.6366362523747,2.58041743163375,0.200522999931909,0.530024092647197,0,1,1
65cb8d0c2b10d0130f6ebaf0,0.866279926658349,3.80694932782267,0.562909930728308,1.53280673075071,0.0658691811646303,0.243293737110055,0,1,1
65cba761b3d48a22dfc65d2f,0.935179602496638,2.24577285025164,4.83299345660711,3.22544281880323,0.0186302927946938,0.797420214484394,0,1,1
65cc041f70b1949ced29d0dc,0.897538299763837,5.48227326239744,0.581020871120574,1.94958172968211,0.783472856810546,0.512356359412255,0,1,1
65cd5b72f200e9541dc051f7,0.755309523668087,2.6066509366033,2.78916692580898,2.65195984572934,0.0262056686442732,0.334396056277908,0,1,1
65ce6e580ff7827d2f4d5145,0.636266264710881,5.27163068237332,0.433347721935047,1.11078971390426,0.501371796927245,0.0580479050783454,0,1,1
65d306f8b16eb5011ccb2025,0.652359477727517,9.65081826440813,2.96602479198064,2.38251862539434,0.269668007805247,0.0864077950843048,0,1,1
65d3b304d331a798368e0595,0.651235845719494,4.36565004474275,2.68346574182489,1.86040589888329,0.0873213590882449,0.212164772382367,0,1,1
65d594b4198b2fcc568946bd,0.757685906785639,8.5701855001335,0.60732283923135,1.11148538236721,0.144968754836838,0.527572303833514,0,1,1
65d62d6afc0dcc5b81ceff41,0.518724118809288,3.73898914682603,1.17869325851406,1.23437079113666,0.313904774018334,0.378176797446374,0,1,1
65d8fa2941e5a23c0bd0fb87,0.491333128179688,3.91060931637049,11.2202738493394,3.09603852515922,0.286294344322655,0.704720278303402,0,1,1
65dcddf73df41cde066da638,0.881362764595283,2.65306149400774,2.37577038799241,2.74686142614925,0.0725395121366557,0.0992153779882392,0,1,1
65ddeeb544845c2ca218d3d3,0.632889713752697,5.89534449925338,1.59788853660872,1.55781660597047,0.384041767862943,0.519873702933571,0,1,1
65df45b4b6c4eeb9240e1603,0.943730204567371,4.54426878995654,1.37183587044729,2.3052960555436,0.347286698184237,0.237285602579418,0,1,1
65e2cb31fb9eabd44a2febbb,0.920753740248173,6.23391124267008,3.7089931334726,1.84716252997936,0.34257956032335,0.22319279370726,0,1,1
65e33239b5fa3ca93950aa67,0.526260728280468,7.69240371826761,0.880690351035121,1.42959662934592,0.304754941958768,0.153812229127314,0,1,1
65e36d287b3844081e1f9613,0.824136804712368,3.49590431854464,4.98699853848833,1.95760392098741,0.109765544926349,0.127809001154067,0,1,1
65e3c99ff63caa042aac8883,0.932418769540119,10.4749358099883,0.971650155734405,0.675188968853588,0.106894151794063,0.351383923876375,0,1,1
65e5a88bbbf79d273413f88a,0.681291130061473,14.9009447498409,2.09445446913036,1.2733998077533,0.0503452211001181,0.0969294495150968,0,1,1
65e686420ea25196de9139d5,0.790411116806492,5.65168562617971,2.15701115431541,1.22316000465593,0.0298221706460493,0.249879170831828,0,1,1
65e6a469e82dc3feeeda4433,0.789047847354199,7.70220472571054,0.988698476429978,2.13915134750509,0.476361585129941,0.366473189795757,0,1,1
65e84adb6f06957a658f1f25,0.798518290802171,5.03415140863671,0.455196506084197,1.76972256260928,0.66065135773618,0.2268906835733,0,1,1
65ea312e53c37b2a17c138f9,0.776679245258676,6.87447406004246,1.4172474719778,2.10493657772838,0.0278240197987898,0.13245256640407,0,1,1
65ea679d293a5eb3dddd5ffc,0.901447763726727,3.59824400903341,1.38434137521908,1.65323050591619,0.069020057740727,0.196194242933859,0,1,1
65ea6d657bbd3689a87a1de6,0.817967214372339,3.87566088156584,1.72726884401015,3.19509366321038,0.0790385897502482,0.719206495437224,0,1,1
65eb230ebabf00edfeb036e6,0.568830667273744,8.12295762203359,0.731162230457147,1.21760017442851,0.42742300812676,0.104918041214168,0,1,1
65ef7e2a7204e54dcdbc3f66,0.786291483873658,7.6800531193675,0.736031422458538,0.878010939547838,0.347823093332474,0.632497331792734,0,1,1
65f03cac071873738667ccbb,0.668187118728637,9.47814557059571,2.67923624326431,0.576334666211553,0.0357995270235639,0.0734906512041839,0,1,1
65f0405b36b8d4bfa1eb9637,0.6909878024282,6.57912653123509,1.55013595424409,2.01050793038288,0.384303810136573,0.484133026612061,0,1,1
65f0677c96375d7ff6595772,0.968106330386592,4.57757105668683,1.16423322191128,2.39068906307917,0.0833166819190618,0.0653777262057649,0,1,1
65f08eae7bdd2ad480e9c841,0.74624230014615,6.07657669494246,1.43942400497324,2.07461005548034,0.191799889775945,0.258918757056288,0,1,1
65f093e8f2d288f322978ea3,0.512319907548065,4.46604833630216,4.88070315476042,0.552198800773398,0.321186264396149,0.619895364676048,0,1,1
65f11794f02cbf5b0acb34b0,0.565834524164039,3.83971747691227,5.64488966036468,2.1125074008062,0.213940111705658,0.685287714600747,0,1,1
65f13f3a0c0f671ce997c223,0.852895388887908,4.8988768833354,0.693515145593099,1.95065023290216,0.145085827440749,0.249643033057444,0,1,1
65f2ae114ff6eaf05df92566,0.731612449044388,8.42585557009449,2.03200432041706,1.5807265589058,0.0367193918110255,0.157144344661864,0,1,1
65f333c755d191fcd18fa279,0.945001360267867,3.83927389727506,0.688269749520554,2.53300153654233,0.344251902475783,0.374113191473288,0,1,1
65f33586e630ca372dfc96f8,0.956099502924675,3.33813924415438,1.95371284551783,3.26261149740642,0.2083145100336,0.160530999794285,0,1,1
65f335ba737e19c6aad352aa,0.543574076132389,1.84504127690533,6.27797145447714,1.60349331498795,0.240993616827829,0.650875498376429,0,1,1
65f33a30a74da39eb0a21835,0.940857842048809,3.34680191283367,1.82734386681659,2.29977288168043,0.243991211482758,0.0760342830647121,0,1,1
65f34d32d899ea4fd6d6197b,0.772235264401804,5.12216809395766,1.39372087428938,1.78705452891888,0.0761925462404969,0.43866383769464,0,1,1
65f3beac5e96144b7402ae9c,0.872495949648038,3.08437603222294,2.71805837838484,2.72069827307408,0.296509416207387,0.131536071309624,0,1,1
65f4ab7884f8411c9e11a34e,0.918473741735084,3.41253480199007,1.27578143800855,1.9377292459729,0.241787828547264,0.16910727193174,0,1,1
65f4b1857f5b498314e118cf,0.669245600388888,4.24974627116956,2.89606499150987,1.72777656540987,0.164443297570315,0.133298617459845,0,1,1
65f4e1f8008a169d7ecde720,0.749737898497367,9.5085265700471,1.76251821367023,2.19591802216823,0.129617103226367,0.172502864528354,0,1,1
65f5260e1b19a041bbde0f54,0.68312545663986,3.53462316240641,1.97619594371255,3.3262138331834,0.398064745850733,0.441142587214303,0,1,1
65f58b399426c824ebce27ce,0.617192579560435,10.0078583660668,4.05430225359926,1.76343752912991,0.115533168016198,0.0926434123624959,0,1,1
65f7c77cc240bb287a4a0dab,0.79147855435999,4.81349780139423,0.775444244233693,1.98451171572961,0.442992677900174,0.410025446870665,0,1,1
65f85564dbfd935f4f68d062,0.848817522971385,5.44334033970323,1.50648109137524,2.41472770769799,0.0330508160538521,0.142430282672573,0,1,1
65faa015b08626882ddef940,0.544841939544136,7.75725354566216,0.821222782185933,1.14777496455563,0.268968150912474,0.0432842001345849,0,1,1
65fab2896bb1445ad3abf39b,0.65949157035988,14.4488685167881,2.69539775127848,2.49877953773343,0.683624060003528,0.226084663113204,0,1,1
65fab55532461b0eaf2236b6,0.757596261012454,9.89598204392009,2.04218366679668,2.61884401907341,0.0329175396090486,0.0482150817339917,0,1,1
65fabcadbea8447f5c937935,0.679890275837498,8.75795574983376,2.42627803330705,2.42373741937754,0.138639269116226,0.0858998382793423,0,1,1
65fad673a546ab14baf2f8d3,0.588331848602099,1.89072190291255,4.6666860117708,2.51357315056569,0.0679950475321474,0.709919692980332,0,1,1
65fae6b84fa6b3101d2ca4b1,0.934378158097223,6.06579381706341,0.902964610560089,1.91547470612474,0.574796811051328,0.265318857314702,0,1,1
65fafec03bcc45eef533814d,0.520134215722746,4.9992174991438,8.0403989991958,0.67949669091943,0.189456303509801,0.23536677919747,0,1,1
65fb06f7968577006d9665c4,0.666486833564812,4.62573434752397,0.430483296468537,1.51031231261169,0.372451832455981,0.0623658652671943,0,1,1
65fb0cd08626e511f3eafccb,0.502552426741716,4.05774967858809,8.44066828338005,1.48233295598093,0.105724453137141,0.70819823839813,0,1,1
65fb1b3b8d6f60e342ea6b1e,0.616051903341119,2.40827462349288,4.12267059366822,3.46301548208832,0.0379154836498917,0.490506878498067,0,1,1
65fb5f438050e2495c957083,0.914876412077709,3.94239838276436,1.54115603453581,1.79858640272411,0.0830210042965817,0.113132737339626,0,1,1
65fb8ba703fee27775bdc9bf,0.880092462768495,1.99515954756951,3.7120705910214,1.11838824303522,0.107132766086314,0.132674178516061,0,1,1
65fbaa1758417f3f6d7b1d84,0.964667612564266,10.753287076738,1.02892068940702,0.33925300422336,0.0341998273505313,0.19044158459038,0,1,1
65fca331fa0a2eaf667d9318,0.557668919047951,5.79654771597807,0.754467522665625,0.661210750770007,0.559895016769442,0.387771883380509,0,1,1
65fe5444cc257c70f668d2a4,0.70873977120812,6.12025699246595,2.1904355750986,1.96082484160874,0.0955951544656616,0.143293505296091,0,1,1
65ff24005c028050281d3f17,0.671688812955823,6.41946926795202,1.84539854640794,2.77217495484027,0.75920395403305,0.629554681494053,0,1,1
65fff06c5c541d3b70810910,0.788394786579934,5.41256931082931,0.921883961073248,1.69958573329797,0.511026599919655,0.496587276956335,0,1,1
66019ab0b3f2821605b1a028,0.602749556912107,19.3938258995906,5.93391700634632,1.94221124896795,0.311354197983374,0.0585416721159046,0,1,1
66034de136822e2d301c3796,0.753195208720476,15.4682754262689,1.00439815124209,1.32636016803143,0.0600578219018657,0.282519715401881,0,1,1
66043493d2699f223f6300c9,0.864331926611105,4.60757276164135,0.703159952295768,0.975516312157319,0.634422438782855,0.494244641437839,0,1,1
6604722ff70cdd65875e2c6b,0.888368007995478,3.35264082078115,2.05923465885966,2.59600295909794,0.0195877144778945,0.24039218634879,0,1,1
66049694dfb8828a8f3dce70,0.606528089011513,8.21466356829436,2.92265402321746,1.53565933772818,0.0739504247926878,0.311466309415894,0,1,1
6605c2254e87083454b26f9c,0.681933098351741,6.77749146457416,1.90368338873834,1.06760887674405,0.0830591882405803,0.094045448577652,0,1,1
6605c7c89ba2e71bdfa91861,0.899734123177072,3.89111810576829,2.61968571170904,0.489065868516647,0.0156179388158984,0.095010590310682,0,1,1
66060f19dda14ccd05dfcef9,0.773628027352567,7.7957588312662,1.82281318044355,2.69600495451099,0.0631920609059595,0.0540085705029877,0,1,1
6606c9df5ec3096c96b16d5e,0.863556171090862,4.383852991562,1.450379572109,1.04751729317088,0.654964250346642,0.601887661806091,0,1,1
6606f15e0998a345a03c66b3,0.532598728765669,2.81953380744525,3.58110491844905,1.57426038591,0.21876675822524,0.714409099755071,0,1,1
66074f7cb655db9adfae591b,0.635319514146793,6.30320503715662,1.91896358051191,2.34624104787051,0.192757164827516,0.550397494475983,0,1,1
66088b078ff8518336021b26,0.542797906960134,5.25392450753516,0.833865736192584,0.879712753763627,0.0461351401048998,0.121912799854988,0,1,1
660982bb12941e7442c18325,0.877333916099109,6.806674063779,0.87238528775135,1.92328973789537,0.6088765042893,0.727291591360527,0,1,1
660af0dad94118b7a229a48c,0.70074724277422,7.83909313116103,2.12248801525294,2.74938962051639,0.223545476546124,0.102852365439802,0,1,1
660b0a4be5b321afb0d56a71,0.951202602414,4.43028679735396,1.10323403080724,3.66646181556886,0.589359435725808,0.502101245417028,0,1,1
660b40f4c78a0305b2ed28cb,0.765518177752228,2.89725418351428,2.93885883535999,2.78363106804855,0.0479213155082666,0.0945276223757878,0,1,1
660b50fe7a64661e391dd08c,0.760422021033366,8.08211507110546,0.565320312703642,2.16519802924052,0.0546371487736379,0.357750312857496,0,1,1
660dfa1d1b035ba808f2b45f,0.852938965011696,3.99830418974905,1.2384074668661,2.02568235363583,0.100795798898375,0.282309121660542,0,1,1
661104c7d8d32b3a4736a59c,0.723456693338721,6.21530218348939,16.7393196605661,1.83731756237043,0.211601155263083,0.168108273014568,0,1,1
661403240d2261252260d5bc,0.894992531633597,2.94010707386091,4.03371225984866,1.23345995400954,0.173503468322078,0.127232100092411,0,1,1
661518389e545666580a32a8,0.723698146148976,7.13436628692447,2.1523031852121,1.90393680124419,0.0423512940917821,0.0610853467171579,0,1,1
66153c5237b371310ca8ceaa,0.896787188451787,6.68735921279325,1.28273533484948,1.04418870283525,0.0309540318165377,0.496635620972572,0,1,1
66171378a0d58cc04011f002,0.776344438001465,11.3782909054727,1.3130450403657,3.22857213466098,0.0418894675943469,0.143163893480998,0,1,1
6619a6b7ce5da964c6d15b4d,0.704666644503418,3.94703361229542,4.70011017911908,2.28028276516146,0.0294354994346355,0.0351502880888727,0,1,1
66201746287a77b3b97d0c52,0.69126611280988,9.66056039240742,1.58749400064167,1.908770816127,0.10132153942459,0.215433126656266,0,1,1
6620a09b51dd0cf06035b3b1,0.920036720061469,2.43210529313911,3.09003824561078,2.17437349766295,0.391368209476953,0.212884421814759,0,1,1
6622be67c3c8690e01b55dab,0.911278598198129,2.90002352280812,1.83250545460731,2.98938844028845,0.256270315173468,0.104777557314694,0,1,1
6625ac4d6f5a636552f8adf0,0.67484419373768,6.69112268990112,3.41674399360468,2.67318087462962,0.0859128256455298,0.0441724161575332,0,1,1
6626f18372aacd362b3a4fe2,0.692783508617838,9.06573301141067,0.568428757306543,2.14458353379744,0.601922020150374,0.568796419494627,0,1,1
66274c9a7a108416c47ed2b9,0.812157325983488,3.30498596077837,0.626564448990813,2.28344535791862,0.558663506901937,0.55750958071576,0,1,1
66290ede1ab02829b1c72509,0.584811067854661,19.1706163798415,8.38645852013732,1.82672855096681,0.137709107221016,0.0287419742346641,0,1,1
662959b221d6790f5548ba36,0.746932529200246,7.09140385452853,1.6569661547121,3.01512339661794,0.0774419958060406,0.120252588133629,0,1,1
66296576ea9cd406efc12f7c,0.869918741081887,3.90274180209521,1.01760125268286,3.32296297521808,0.262168711159488,0.630577344529866,0,1,1
6629bd52f563a590601a612e,0.596666392428451,17.5298485841123,6.65396824797187,2.1337805529001,0.239072308787796,0.054166289609086,0,1,1
662a650b6b7d15a354343ad4,0.744874696540075,12.5856085846377,1.69138823855465,0.731172919386653,0.0898935025814186,0.104333148671853,0,1,1
662f93c33fe9ba41a6319363,0.886878730944789,7.64272233584572,0.777264369404308,1.74432344248897,0.201997958781333,0.622646491680744,0,1,1
662fad6b6f397a64efc67680,0.554306496804951,2.9573326027546,3.21487609733061,1.96676573301551,0.22834283420555,0.54140080914728,0,1,1
662fb42cc3458e96dee33181,0.731040826279819,10.5994807070235,1.62614710512365,0.936389804760629,0.0569053074964099,0.14550162238477,0,1,1
6630fcae418bde6a9e7c3b47,0.73587643295473,6.00710386825996,2.10516672688962,2.36806695749737,0.181041277756433,0.145347099291634,0,1,1
663155927c57cad7446ba8bb,0.59363748063356,3.6790115755303,5.52971192293591,1.17949052867453,0.0190721318090757,0.379062135818905,0,1,1
66324bf0d2e7d3036efac146,0.502358399127812,2.80926516947698,20.1543124348797,2.78219885223586,0.911599011050013,0.712217073905489,0,1,1
66338ed6228f4e62b2c663d7,0.913409507958286,6.94161861167681,0.577818598827023,1.85252180482116,0.0433562840332487,0.2820706887129,0,1,1
66355fbe799df84584ae9fed,0.645521360889063,6.27677241705988,1.93536513926952,0.93824978941704,0.0713718276477049,0.271812390050549,0,1,1
6636447c86d75d8f142ace4b,0.724336874588389,6.01151373440555,0.500129034873545,1.13510021903067,0.309258966138397,0.281282841863788,0,1,1
663654019b097719967fdb7d,0.864423471670341,3.53323991753983,0.97902655284692,2.08205510576946,0.439645589799433,0.241720420057075,0,1,1
66368ac547b8824e50cfa854,0.622753287796696,5.67205505965932,0.54771755075838,0.980674732689218,0.229602882698865,0.0915896907342377,0,1,1
6637725bb8c26344d88019bb,0.594040221099627,4.62997081467645,0.796811210763829,0.963885847478878,0.68995895057693,0.431206011459373,0,1,1
6638d55b77829762c4d21609,0.641136926095591,7.19728408538492,2.22812699361169,2.36029693417465,0.232022751068176,0.289211672408222,0,1,1
6638f3d967d2828b285f176d,0.518942251969999,6.39365221640504,0.887410105112845,0.518274414152063,0.0357069606809951,0.231281209129869,0,1,1
6638f721ac4b7a399d3d9229,0.746572893915376,8.6959819637404,1.60469033108644,2.22717541668378,0.329266495071641,0.154357813744996,0,1,1
663929054c48656122cd8aa1,0.796659028708922,3.94985246731361,2.23682721937136,2.69565454392735,0.177573658494919,0.105483405857565,0,1,1
66396a8bcc746f2fa4177d5f,0.864402033079367,3.99023889195782,1.94661055732795,2.82364950238271,0.0306184757065504,0.286713399506448,0,1,1
663a13d140564554b431a688,0.759187107210411,10.1449222633154,1.11129416856351,2.34898643318803,0.180664794953159,0.242017822319845,0,1,1
663a4f68bebcc0715722dec7,0.734442263291481,5.85886596959427,1.29525939077117,1.78598829950775,0.256156591751454,0.553307859734681,0,1,1
663a5c3aff126ef7c5bd71a3,0.923946314397244,4.17923723219197,1.91519311742923,2.08925926460551,0.0171762338717644,0.498125740388319,0,1,1
663a5c54f0582b5d7603a1e6,0.686467972409564,6.21805186591227,1.85398699419243,2.37890795982982,0.156643864232298,0.50094353043215,0,1,1
663a63f7d07fee78a65a31a6,0.695792607369479,9.33505014210811,2.19594855283379,1.37366294500144,0.0646006373967785,0.110198350175024,0,1,1
663a7af013938e6bbfb065d5,0.717371164034751,8.71844952689924,1.63056776357254,2.15154152808014,0.476048587226499,0.13878348054494,0,1,1
663abe859bcc3ea8ef9bbdf3,0.695815906579531,5.79895446319451,3.73227915669545,2.75412515935166,0.0353521937151986,0.0744570749296323,0,1,1
663ad1e9c4066faf455c913d,0.800938476468624,5.77643480947048,0.31895331777147,0.769333698525412,0.265268864423322,0.404898752005412,0,1,1
663ad56043fe3dec6ceffacd,0.713527635518475,5.76955564857676,1.94091579466061,2.20125425863744,0.0723759951654368,0.203444060029325,0,1,1
663b8df565dd08db10006c4e,0.735536755559807,8.03498550384156,0.549750291805186,1.72391620427707,0.33248076762519,0.507508257967673,0,1,1
663c1487dd7b50c020023d58,0.704853196214863,6.40110569256977,1.42569404572349,1.20352943157726,0.112081321289638,0.231544624289695,0,1,1
663c1db6050ff8907df7909a,0.823359590137302,5.71585015510898,0.560564264210932,1.92084572253391,0.513022438452731,0.573471167220023,0,1,1
663d86a16a6f0cc0683ba9db,0.832000887395621,4.36121619478258,1.28779464676955,0.656922431405732,0.0541484920268315,0.224458661420731,0,1,1
663e55eb0dead5d035f3b76e,0.701684520029186,9.13521876087572,1.82247616355105,2.24056011787208,0.106326248570419,0.0954800059311867,0,1,1
663e84e6b5670c18c681bb30,0.829462957744133,3.15096601427357,2.46435597458675,2.88213281979867,0.0497533508636742,0.699685567676878,0,1,1
663fbfc8c8c814ee81e8037c,0.81654713734833,3.00206002385882,3.38697136817009,1.02306686505986,0.0280451055722112,0.0707070295894942,0,1,1
663fd4658572150cc2416c27,0.928321660515026,5.1771643443082,1.13856382216616,3.08528680647108,0.0332327559753327,0.195877383731048,0,1,1
6641174a70570c7bf4758e35,0.54612189858068,3.95916098385828,4.06054988159223,0.625107875497637,0.352960459120333,0.40921544179763,0,1,1
6641c4901c5ea0f470be6f02,0.89118309943629,5.16322836518092,0.882460520109432,1.44720974329292,0.211643957103674,0.47625516080516,0,1,1
6642122a3650c28b1e2e367a,0.914424738289211,2.66302041907926,2.21582057809289,3.38918568662689,0.0225055052927935,0.664141941607013,0,1,1
664288ab31739a1dffbb2c60,0.613609203126824,6.36831844948643,0.745237133460674,1.51098569293124,0.477964528637807,0.115660466258037,0,1,1
66437d930a82c8623344a9f2,0.901771188519922,5.21225654670944,1.1082708650276,1.47729993432151,0.065873811259163,0.282187440425435,0,1,1
664384e8d6cae57c73e3d8c6,0.635057413867819,8.36767110769053,0.663536245009899,2.15679459335831,0.110115103333002,0.368398562757924,0,1,1
66439b89a9fca58cf2513d93,0.797948361456284,5.61417862622213,1.2452042441484,3.15755907227269,0.431876573227414,0.0687911487967644,0,1,1
66441863c6ae7938f0e91254,0.899893631535575,4.10687788503582,2.36066888286012,3.70859977429118,0.0318808387761152,0.62937259528503,0,1,1
6644527fc7cb167a601cd5ac,0.956751028374516,4.14991956274304,1.54555463098419,1.45253530272171,0.183547622591339,0.119462798450913,0,1,1
6645517618b9f4db00e5ccc3,0.667624858389847,2.9116517640121,3.27568496201634,3.8343078184895,0.1914335799994,0.807092044301591,0,1,1
664639dd4711fff56d77ada4,0.948402200043433,7.00259428238842,1.02302979441744,1.13399835688758,0.0176756228668773,0.1893540210682,0,1,1
66463a2c0a36377060b1910c,0.726557458028691,5.1865757933555,1.53714489396964,1.3819118033622,0.0799340086983541,0.203291658363354,0,1,1
664653e2c2e145ef7ecedd0d,0.843404125721016,5.32489931443866,1.05321728269567,1.73164268030813,0.339245190723507,0.46727930437005,0,1,1
6646592895602daa1e66b648,0.945832399578838,3.24262129992565,1.40226890139745,2.23013476805511,0.351630719344329,0.130344825459183,0,1,1
6647e0c35e49c207ba28fdb9,0.514169796363988,3.23034096948214,14.7848665542928,1.74351379781285,0.148965697711839,0.686910204655781,0,1,1
6648becccd1bf5a6e253577b,0.771471798294773,11.2689912338612,1.97648638745858,1.80900153148545,0.0323109778008454,0.118925033876551,0,1,1
6648e9264880fad56eebf485,0.922033080721582,9.26122171172988,0.760586009696649,2.44089381174595,0.277362877370237,0.356656115022484,0,1,1
664a0cc1ee0b6791cd3c7b55,0.637387413996249,8.81781751059462,2.64510319889492,1.92493198330815,0.231199403883041,0.336088875460566,0,1,1
664a910980871d3cd7944412,0.810442703047824,3.64689396442002,1.53924384400341,2.84983624732562,0.0428551081613541,0.276415264927063,0,1,1
664b31793e9619258b204011,0.696119511067098,7.7718849244918,0.911061282301871,1.91582564878968,0.648760606171974,0.685625820701856,0,1,1
664b3b0db7eb225f6d56922c,0.674648578453839,7.00441107490195,3.22810942104735,3.01509091504246,0.136637652169386,0.0802393710738703,0,1,1
664b4af989da4c25d181f27e,0.844851226127411,3.01843258337898,1.85087787390558,2.08032269075877,0.123469464789616,0.202012991687508,0,1,1
664b550820b57425a150d8e2,0.944342949730073,4.79256496356229,0.991999163927572,2.9671850066499,0.460214427001265,0.116538755123745,0,1,1
664b56924fe53a254403f774,0.769615444054244,2.72216841584551,1.33928614258086,3.45121688027068,0.657658294520052,0.50995240078676,0,1,1
664b66162c93f4cb8d9224a6,0.809899750656565,10.0291641223141,0.770199895362049,2.13048991641299,0.190481416755931,0.516537025151814,0,1,1
664bf2201abae3378784ee1a,0.604610892730232,3.57478510535102,3.56155999685992,2.1234372819649,0.0959863200461287,0.469901437279355,0,1,1
664c3cfeeccf0399b4110f7d,0.837166239264567,7.19590955577628,1.21914238735558,1.87997459220857,0.0560129070919307,0.432354988487211,0,1,1
664cf905de6ca38cfad9e5d4,0.705455907912919,11.2634961560813,2.25815985140433,2.79777879231778,0.0326963666324055,0.0839997457572721,0,1,1
664d0be31a585c224f0aa15d,0.550783133059436,6.76432397577511,0.80666526336739,1.79703948911256,0.259455523105031,0.534617253098066,0,1,1
664d11e6124e3ad6e6277871,0.908500461926544,9.89549808153597,0.675210427747263,0.822200126155304,0.103175265613836,0.54559092593869,0,1,1
664dcd50e61b5246d5b7377b,0.789089230417455,4.37511340936511,1.81219076106284,3.17632577572338,0.489313722422561,0.730117739472939,0,1,1
6650915f8347f93a39a93f5c,0.59488223481945,5.19972967490399,2.4846331675195,1.0876850582971,0.0874587141424599,0.569438755582104,0,1,1
6650b525c83a2e7b6048fcda,0.617493098543905,8.71116903370323,3.13144542902571,1.60440928224045,0.549767690962343,0.315592593736566,0,1,1
6650da43a82f01840447bcbe,0.673465464766068,7.49112193060361,2.52916904580352,2.50812429247861,0.199754866925476,0.129905685835043,0,1,1
665288637afb1c6f9ef2d257,0.501518357683017,1.80029966969126,25.6585831566926,2.86584793705704,0.290969359686441,0.530067038290292,0,1,1
6652b039261ef03ecb978b4b,0.962743088295631,3.76703864422807,0.933512112488997,3.9808024975411,0.515814885214766,0.537563652388584,0,1,1
66548532974360d0c90b9dd5,0.654175922886642,8.74550669744979,3.57995234960339,2.68221548097231,0.223584042841898,0.0881926583095541,0,1,1
6654a18a5fde8d605b36daec,0.769238097639639,5.66482608213512,1.26536772938593,2.3752934218212,0.358855616212822,0.667058446804785,0,1,1
66550501336446c73dbbb0cf,0.81329790025456,5.95143670705117,1.84050492781123,1.47760185617608,0.051302419744248,0.13956292963143,0,1,1
66552035a627a90b20d3a549,0.535164583448798,3.26228312059648,7.13318468481084,1.80576735845329,0.298231704620751,0.636457781362713,0,1,1
6655df41311a20030c9d77de,0.709281780069712,7.53823834040816,2.5550753563814,1.20452283690559,0.0450697633301605,0.043200140055199,0,1,1
66562a0038182ffa52b47afe,0.616394493357981,5.47322205534268,0.512124251395946,1.2754343707526,0.0682750589450045,0.0539908337196489,0,1,1
665643c27eafe088db748236,0.943086884129259,6.19863960349429,1.32549969551929,2.50882627753205,0.179489935770385,0.472414698859625,0,1,1
665652337f7a6a3a5aff1e15,0.675524022201195,4.42287243825209,1.94469981992708,1.35052669277709,0.0409415921617616,0.215831823612677,0,1,1
6656b41a68bc810ea64c442c,0.922183548765993,3.89934895711814,3.16509026476421,1.79869238682535,0.0118558056132925,0.225356338868873,0,1,1
6658c0f0eacd7bcadeef8a56,0.520405963497727,1.63704379856214,6.44443329081445,1.13588165441388,0.223442075517337,0.407728764381105,0,1,1
6658c12121d17e38d247f857,0.656166796615629,10.9566575432535,2.46327181325779,2.5125294464045,0.0514772072556137,0.0773477955760571,0,1,1
6658c97a19546bf4a7e54bcb,0.691741576512076,8.83225127968264,1.23489112039167,1.5225892926862,0.564287198438735,0.329141592659953,0,1,1
6658e9b7aab263fcab6c9c72,0.868869505692105,9.24629260378703,0.811080281349995,2.78936303679355,0.474252107553256,0.692941028343593,0,1,1
6658f43c81732302f479d0d4,0.66292639687824,5.17997854731357,1.75634692044699,1.88058550947364,0.108390185877578,0.54828220366408,0,1,1
6659f976774b5910114ec891,0.656363867040955,4.73132527109424,2.11134780815875,1.76634257882176,0.170295219101642,0.545855031610964,0,1,1
665a421acec6848f16a01035,0.610517672807952,8.75726092134993,4.65935389717055,2.16715644065548,0.0584424038574675,0.0483587570539555,0,1,1
665ae2d4ecf98c5daa3ce7fe,0.720937930026739,6.82814576849803,0.491572835886532,1.96560879275201,0.210810032044301,0.525156179209433,0,1,1
665daa0b432c3a3ad423ea34,0.784140327855552,3.98905400335954,1.31075271796859,3.29056939998181,0.113789922770108,0.328097065898011,0,1,1
665f1275a8344d26d5e340f5,0.502585988387698,5.44740705817176,66.5799236546713,0.68725586461329,0.837056459720341,0.225499430288669,0,1,1
665f58d933f0031a4058b642,0.799407881637072,6.68895691368828,1.96828576467954,3.22508213143407,0.0433464221745955,0.159574983623862,0,1,1
665f8b8b8bacd56af9e28b97,0.87952455682929,4.17146036454028,1.53453621425967,0.896652803714105,0.146771166269085,0.329882134619228,0,1,1
665f9802109374808c44de37,0.917801394918433,2.84050990237654,0.758665027436672,1.28682255401251,0.166488161878688,0.0613968762343438,0,1,1
6662deda47d8f64c1589cac9,0.930747077269568,3.03427519115971,1.64652890217196,0.675896994273352,0.304813941626984,0.18464147306642,0,1,1
666339464f778f33532d28f0,0.894853483212634,3.61611254972052,0.792911052915831,1.90375849103644,0.0886956710974234,0.295550666220495,0,1,1
6663b39d3676132ea478c7c1,0.656531003576331,11.7618809664085,3.28670389737252,2.568413994017,0.101004825547873,0.0640673225534729,0,1,1
66645eff20ea0a1d14a3d5bb,0.505476560341128,3.40848178722419,5.80204418235673,0.761145258596987,0.157975598683653,0.704661321631922,0,1,1
66673aa947402f713541aa37,0.709701140398841,14.5770271413782,1.48969318671819,1.32831740596787,0.0675794018252887,0.188440769447135,0,1,1
666878a27888fdd27f529c64,0.93760089547498,3.85854973162396,0.954681274039354,1.55500112474307,0.229429530922155,0.217188601557805,0,1,1
66699c5067ce8c66a3c9c5e5,0.678629456097822,4.70517654346654,2.5179837393409,2.64220668011016,0.0408014251364699,0.530557814175905,0,1,1
666aef7a2e560f58316d124b,0.901767408842817,4.88074911357685,0.736459102251057,1.66455284590043,0.55700256785878,0.395266557197191,0,1,1
666affd46d2232579a2a8a15,0.501481399606511,3.02650890709309,32.9768057479442,0.695891099371424,0.889733626997539,0.538183242679396,0,1,1
666b04170e6ae5d987ed3a8f,0.547450303624469,4.43042519772321,6.37929198722827,2.26396575623108,0.145826564875443,0.473592826666106,0,1,1
666b114817ee975e387828c2,0.68061651713189,11.2867344925009,1.90676626041768,1.27200407627504,0.0937200056916766,0.23422557187188,0,1,1
666c42c5e028ee98e1b07316,0.682538970153775,7.79005411495366,0.752899764214812,1.94041690095258,0.0831069819817015,0.493558411878524,0,1,1
666c46689192fcbdd74a248e,0.657219999475214,7.0055056545725,1.9661790021014,1.63296697346026,0.0929997097352216,0.212389201778383,0,1,1
666d11888a386185e18d9695,0.90475964357476,3.36773426239937,2.67895570476669,2.66251001500334,0.0129446044216699,0.25989898748607,0,1,1
666e38d1909bc0331b853d90,0.586489439359466,3.15080117510437,9.99181088784395,2.42118974264558,0.0763849104573381,0.484806062269332,0,1,1
666f0b4bbd321b51c55d97f7,0.699778372408709,3.20124982788537,2.76790540209468,3.24444787277504,0.266222695438932,0.202684238327027,0,1,1
6670330ca7f17d6da599571b,0.932914689097412,8.56697439383648,0.80268509694753,1.52301724106104,0.0939486329312496,0.387110913116952,0,1,1
66703d4a7436b1c576ba4a8c,0.75441931464237,10.1666228266814,2.19469263062352,1.68511878042773,0.0134171310865131,0.147018879260092,0,1,1
66704038ed9c2e159e7121a3,0.92297232703547,3.04646970587652,0.63999304561354,1.76330047421576,0.406347737060724,0.0640442597186429,0,1,1
667062eb4bd4a99a00f3bddf,0.670612375245647,7.26733858478952,1.61181728071637,1.78135937631868,0.276747695326881,0.386715634640767,0,1,1
66707536a4f76cc874a404bc,0.838256977392518,5.16225241385181,1.69762752104591,1.6653038909952,0.0106788063316805,0.363582659012908,0,1,1
6671c2a565e37006f7ed0529,0.857612625268723,3.09440238000498,1.70015564135732,2.81939555776312,0.0508048908811209,0.238804930805252,0,1,1
6672d7d5aa7f3fbbf4799396,0.732514538235675,10.9813893341278,1.31555772239826,1.58297756224714,0.0585287284408859,0.288545573885745,0,1,1
6672e7ec7590d5ff3bebe11c,0.914786523738643,6.50661930856394,1.65332366136491,2.47549755615594,0.0439602587362748,0.187434000892475,0,1,1
6674abe9b3d32372e68ecd74,0.695311534695466,3.15221353477881,2.1319323761582,1.77528180428776,0.0770777247551701,0.460709050309694,0,1,1
6675b81a0a062036fb380a18,0.725617318029398,6.51960634648988,1.91641943219876,3.54546128655722,0.311819619923033,0.33669066520584,0,1,1
66761a7cef6f2c01681b6731,0.653724930118703,8.11188379128024,2.70235627313984,3.45181817716472,0.240534863958849,0.1620691549475,0,1,1
66772075fbaa1f2a37515c3c,0.667217384075909,7.65263240001631,2.74528613767342,2.93737798678032,0.116751671810992,0.13954688774114,0,1,1
667799f0adf7eb9ad7749ca9,0.625196078402213,17.8138108405617,4.27001638554849,2.15924927197145,0.128005503557865,0.0248387980365733,0,1,1
66798bb581aef87e665958b7,0.671707528167647,12.1535036402202,3.05671302332206,3.00482519910987,0.0451759639990076,0.0393753935765744,0,1,1
667998e1caf1063776f33a3a,0.686309224692227,7.41747597919614,2.26406766916073,2.30747289025751,0.502224727041746,0.360187026258431,0,1,1
6679c3c09c6adedaa5212405,0.735984643334554,7.67043925698034,1.99987158303921,2.48231758150791,0.0393193439459512,0.0549109625860384,0,1,1
667acdbf9a79568b911c616b,0.581577780106251,5.67184835771915,2.09569552231062,1.39210323187027,0.178443033911119,0.507272010114886,0,1,1
667e84586706ba5b3f84af73,0.900347924866432,4.43456030235406,0.762602847005507,2.47742448160803,0.422564865408082,0.385238244734901,0,1,1
667eb53a8dbd2ed4f921b55d,0.863372990213797,3.74376003426279,2.02708693490621,2.63883358808981,0.0279905863951122,0.366544344232904,0,1,1
667ee8820ae609e59545b5bc,0.906903865039321,2.75135396066208,0.381339467829807,2.30320816373599,0.293013349089507,0.227774556234824,0,1,1
667fb298629d2b1d2c7ac461,0.652609139573177,6.58452356680673,2.30250555304424,0.495400937606076,0.0991697615197861,0.17873665611547,0,1,1
6682aadbae1e1a8ffeaeb8bc,0.808962120183317,8.2335546356428,1.42958399957773,0.902471433830563,0.226615181387463,0.165653775326263,0,1,1
6682ad57ffa9942586836a2e,0.939876983966584,5.61853484228591,0.962062309265601,1.43642820153254,0.184267892907121,0.470685308838903,0,1,1
6682adb6c4cc2cb1c1fc7f58,0.952776618259132,3.35167701831727,1.04673134400235,1.82146462550908,0.586055793866375,0.209123378296507,0,1,1
6683ea6250e32f8840985d57,0.979288830474493,6.05346571457259,1.12673552562372,2.37884657285275,0.43370054478149,0.692116115856134,0,1,1
6684616bcea947393abcad81,0.830082421202673,4.0029906464465,0.348512881399385,2.60003256780267,0.385270703968484,0.189099743959813,0,1,1
66847eccb4a565bacffd62b6,0.788862259156652,7.33152569179726,1.76396858328681,2.25852828390056,0.159892047800722,0.195501438167676,0,1,1
66869dc4a8c7f935afb68275,0.663838767998947,9.13752567062011,2.48679697790983,1.49024110425171,0.445319815607635,0.15753560636757,0,1,1
66869ffdfbb0e002547a2c8c,0.802117693899157,4.60716994184885,1.1621775635769,2.49859164857797,0.331763400078474,0.532572408787366,0,1,1
6688773dee9491cf3bcd1e0a,0.918469588886932,3.59324810149837,0.619843974161798,2.70509807554887,0.0809629033690579,0.169947535106757,0,1,1
66894feb1d96f0bef40475cc,0.821540449709767,6.4443880333365,1.58499759425421,0.767079566395403,0.0352717780327697,0.125853955284743,0,1,1
668a61bc9c8a9fa7f9ddaafd,0.882647394570433,2.23976157938683,0.596195649080938,1.39139910688303,0.216136453668031,0.36417343663523,0,1,1
668d377117648ea8f3a3c13d,0.67387170718631,2.13842717368348,3.37118155098439,2.40497478279161,0.0347115610855602,0.425138256871727,0,1,1
668d389667efeda3baf2fa88,0.492625245378167,3.81581172540946,7.44833367881359,2.31627115699003,0.134605351794277,0.695663158822523,0,1,1
668d4f33fdba135be3c74ed8,0.808211453309793,4.980215960067,0.615249196769961,2.19139318001429,0.187124187668235,0.480676048742845,0,1,1
668d6d380fb72b01a09dee54,0.91664221452758,6.53868791995885,0.930332085743619,2.79156851222961,0.122967442545316,0.55657100957449,0,1,1
668ec4ddc9aed2f8cc62cb28,0.529054377486965,3.87965056752124,6.95642134220433,2.59816117847078,0.626787298554178,0.79110200653275,0,1,1
6690354debafdd430e76f9d4,0.70392044080528,6.1317411117303,2.00542788306351,1.39341301796457,0.0347533012291406,0.0843026830994594,0,1,1
66904dfa11f9261ad12ec5bb,0.735852599916278,12.3772051739256,1.3784534093364,3.15047328096898,0.112373640729622,0.176021752595947,0,1,1
66906a9aabc012e1dfe7c1e0,0.853324506800642,2.47258451081781,8.29444739266757,1.75855207951016,0.278953547207788,0.204615782794365,0,1,1
66928066bc79e45d4826aa29,0.790566992621176,4.85901986415474,2.59132433552994,2.49789019693348,0.0272861783499168,0.10066215946423,0,1,1
6692ceff14930391bbca9587,0.56451968837313,5.03408277172203,0.677373611818003,0.448006221237171,0.0284450751433393,0.261662943852895,0,1,1
66945ed6eccf6e78ece68276,0.784160822622409,12.4658868146553,1.06824907618907,2.43837465290413,0.226932692878682,0.549463827553169,0,1,1
669686f9c0223af02c0e8c1f,0.587097055281961,23.6176451164482,8.31384597461792,1.69931993143227,0.143113113292324,0.018390786473204,0,1,1
6697422670466cbd029533a6,0.859959857621733,7.23213880177847,0.410993285300114,1.04000863662621,0.430252472420867,0.514812385641345,0,1,1
66985517cef61c8bfe5d592d,0.842683176689821,9.54875858455308,0.957197260214695,0.746435327161745,0.277524394644584,0.441220841304935,0,1,1
66989959a9a6e990d72c7a91,0.88918603230918,3.87692053646447,1.15602198364337,1.94948653655093,0.281922854942248,0.200811961634544,0,1,1
669d7a56135e5944f27496f1,0.562922039006301,2.1193757378861,3.22796349801698,0.82900054103958,0.158766459999559,0.63800423148895,0,1,1
