id,posterior_p_a,posterior_inv_temp,posterior_state_exploration,posterior_Rsensitivity,posterior_eta,posterior_omega,fixed_parameter_exploration,fixed_reward_value,fixed_l_loss_value
53b98f20fdf99b472f4700e4,0.911482004602695,6.60489775760305,1.79686145635943,1.01332799694235,0.308577445042402,0.0293730166015091,0,1,1
558fa9dffdf99b7ce2924662,0.882660977105736,5.48656324357264,0.689443527547599,2.43760188025699,0.563897222352102,0.101966700473608,0,1,1
5590a34cfdf99b729d4f69dc,0.812397736004726,5.63803028400764,0.975965213644877,1.68706882891456,0.700600664000837,0.416951512129756,0,1,1
5596a991fdf99b2d1e834690,0.539452890116126,5.85883495842582,5.54070782258586,1.10471636961701,0.818472939587558,0.420349972085623,0,1,1
55bcd160fdf99b1c4e4ae632,0.712783298200201,6.79199086337318,2.64685503263154,3.78738892384372,0.347638172637929,0.0689445154724827,0,1,1
55cc7cfb74297e0005235c27,0.726160540238014,9.27296868486883,2.14382230579305,1.49111558103398,0.0462514015922823,0.0048949470726765,0,1,1
55eb04337480920010aa9e0d,0.890468300254048,8.50654850770992,1.27060644116471,0.903682309571581,0.394578246060321,0.0265498969917123,0,1,1
562c2ff0733ea000111630df,0.933269699319761,4.24796106350562,2.30867033184649,3.21345376624796,0.358335701229823,0.0295899920147928,0,1,1
562eb896733ea000051638c6,0.949806139603326,10.236921663227,1.02627620407046,2.47748982975326,0.130873037161122,0.0398621621435667,0,1,1
5658000ca9872d0011e1ba26,0.883213158393897,3.78678919098824,2.14739300019507,2.73762021026761,0.424974658076317,0.0116961220802675,0,1,1
565bff58c121fe0005fc390d,0.619708198184778,3.53078828833894,5.65275555280499,3.59405777593347,0.702475144016959,0.215423859415948,0,1,1
56780a5a89319e0011644cb4,0.768074767606525,5.75080759857899,0.860041499192804,1.46515954248325,0.454662683832652,0.155737262191059,0,1,1
567dd32b4f0ef30006dbb718,0.716899601890142,3.98266191844991,4.03126710072003,2.49767705573588,0.716467477956553,0.139165262368774,0,1,1
5685850c333cbd000d4e042f,0.754471663018724,7.1910612233651,2.17182913388177,0.670323554179783,0.378870204957802,0.0614372801998104,0,1,1
568d0641b5a2c2000cb657d0,0.900934898537867,5.34641120773941,1.3778398862815,2.59024730902735,0.115195645176967,0.0145821502720643,0,1,1
5694e7b5e0c800000b5a3841,0.707896804085592,8.95496880422957,2.34735537958507,3.82483110245379,0.137223089720717,0.0145785385718438,0,1,1
56b72c28f2fc70000c32fb37,0.946375386028224,5.98265922165158,1.70144045787556,3.26349738681054,0.140507597529761,0.0227232660769011,0,1,1
56e225c2ec0fdd000641e72d,0.688764715114955,2.91783849854138,3.48193775120043,3.25279829200633,0.802575566127813,0.344888216805331,0,1,1
56e8bf5a870a8e000b4a8d6e,0.948315997118735,2.70774236925456,1.94042230232691,4.06401777938637,0.649127392044631,0.0916127982570244,0,1,1
56ec9fa4f9ffc4000ac1941b,0.836161886162858,5.61372529149692,2.28881795838645,2.98296449166614,0.123164602446431,0.0087103465088419,0,1,1
56f9364e895094000c8f4967,0.627952147847235,8.46864907812337,0.744032822474968,2.76007567919365,0.179414936229157,0.0852690751156382,0,1,1
570f018053cc8f000f8d4bbb,0.665330319757728,6.19991562322899,2.89532055444368,1.72147755177701,0.296526938693583,0.0422076856401844,0,1,1
5769a352f48c3b00016737f9,0.666247675399686,11.289196440777,3.64788817189629,0.472784521374655,0.180217483339654,0.0979112689366136,0,1,1
576ad50bc8a90000010d99c8,0.89965924804435,3.10105728794175,1.50273903885325,2.394717771287,0.490078196503102,0.0377218975746879,0,1,1
577599baca706f000190eb48,0.951176746020196,2.04864065674305,1.18204422660759,2.89887541609603,0.123811378205081,0.0113604859543683,0,1,1
57ad04adddc11d00015bb1c3,0.654695852315628,2.3130150974174,7.5496696609406,1.96931805349068,0.573187087549716,0.165053250711057,0,1,1
57b771677bcf1a00013f2ba8,0.858066268814745,5.9313957195956,2.06296683370354,1.53807425354124,0.0938980405638722,0.0164439614644626,0,1,1
57d0a0bee3221e00015fe385,0.837836097055562,9.44600004842292,0.646193083760303,0.727069883180643,0.350419139885699,0.0686833879858832,0,1,1
581649f0b434f0000184d2a9,0.893750240200476,5.13418818396296,2.13491892419632,3.43872262057535,0.172033222415632,0.0449798673100124,0,1,1
586371807fbbcd00013972ad,0.429689509162996,2.23075638733745,206.217337011641,2.70785515099207,0.772941232336609,0.0429838435409438,0,1,1
587418895c17910001ea4e75,0.627598549420909,3.62472909521082,9.08027667112884,2.73444643712352,0.754090022959724,0.34695943658031,0,1,1
58935d5d4d77be0001689f14,0.589663278161834,5.08153755682441,3.37986386527516,0.535595208549678,0.392713890497461,0.0661776347904763,0,1,1
58a5d6527cf56d0001f92567,0.822298474342195,3.97824887634003,1.8460683967581,2.9381232239218,0.634534613623095,0.0587458305252855,0,1,1
58acbfacea3d11000170e99a,0.597812889481231,1.7847697231291,6.98329617444779,2.27345327781266,0.602058795354458,0.105550764141537,0,1,1
58b0d5e700de9e0001863385,0.821573154070485,3.88038073645448,4.09786036815182,2.80401090773021,0.263353895378993,0.0124606521940029,0,1,1
58d2cb10f5899100018a05b8,0.707130874181114,9.55724247183535,1.80938739174698,2.49118646037017,0.661327162439818,0.0995345163014155,0,1,1
58f90ebc3f4fef000199e2fd,0.709885925699113,3.16912233139007,3.35042084408647,3.67169173174509,0.818156140201353,0.0844861166018164,0,1,1
598fba148380cc00012a3ce7,0.60455441321164,3.46513960246609,4.02742348380675,3.00970015851449,0.793949922826072,0.171023006666937,0,1,1
59948cbdcf1d1700016efa45,0.930505393993397,5.85731788321505,1.57165415697368,3.11731587154523,0.474743617091898,0.0533610516976994,0,1,1
59ae8d282a78fd00010b80e7,0.699088757691144,6.99021769348045,2.64059568459148,1.90828002563055,0.196790912624719,0.0453145097495363,0,1,1
59c0782e5364260001dc4740,0.707965390808668,8.23987243642302,0.667915366356498,1.76604384568237,0.471300098161083,0.495304498232764,0,1,1
59dc458f77860e000151240e,0.873503155298711,5.70926547931369,1.63540765439763,1.64207681818323,0.35685454750683,0.0277526959176069,0,1,1
59f22a9fd6380600018b2929,0.791690529768836,4.99947139774792,1.43203362202817,3.09629786663122,0.790009660640363,0.305652592472383,0,1,1
5a348ea750833c0001ee9550,0.790144197662157,4.69138202446615,2.44294176931826,2.13016625594703,0.424777268276789,0.08460805386064,0,1,1
5a443812817d1800018d1179,0.873511867951676,4.29767479202095,2.31755054525797,2.97646021945244,0.112780062029694,0.0116396847956258,0,1,1
5a5ec79cacc75b00017aa095,0.719637914572142,7.23991492400356,2.12173200836795,0.867958193655797,0.331965526697315,0.0666897532826783,0,1,1
5a6eac90d5d4cb0001d6815a,0.653987577198285,3.75416782546101,5.81646464388428,2.8162119799192,0.224433210745871,0.0781539294861477,0,1,1
5a95a63e4eecca0001dd4cfa,0.630363425566508,4.20413177124263,4.18169730653488,0.748222569284061,0.535581356218741,0.139017147027418,0,1,1
5a973481f05361000171dd86,0.589182963591033,1.62888069927015,11.6260265455281,2.52034798915324,0.70214469849285,0.366103408885868,0,1,1
5ac53209fa3b4e0001736f22,0.855511673849022,5.5712918347521,1.53915549956514,3.25267638884116,0.816604925219526,0.190552004411907,0,1,1
5afa19a4f856320001cf920f,0.692037969399907,14.3483891764965,0.696310751062299,3.23537243648056,0.479980661090975,0.0147364737643889,0,1,1
5b23d0784fb0d40001e95407,0.699550701209062,9.93147938804171,1.28483753757478,0.49553606980631,0.309251789581986,0.017593488800112,0,1,1
5b78542ef642ed0001517ca0,0.94816856046671,6.28017253475157,1.73441888974529,2.40181108760058,0.307527049336111,0.0173570733017315,0,1,1
5b824fb6cc06660001a302d4,0.935682631446526,3.07517648138247,1.97522763364899,3.03294996320016,0.188981716446422,0.0171390887496081,0,1,1
5b87b6932be8a60001f74588,0.538920978502741,6.59833787866403,6.41147341920015,2.023195586087,0.810831199700964,0.563323992299206,0,1,1
5b87e73d53303600015ea51c,0.93518161101241,1.83929379922483,5.23240830196947,1.12826832320541,0.0239201484695346,0.0122097605848678,0,1,1
5b915c9d22d85d000115c0f5,0.863653616498492,3.98361485155452,1.7577716035417,3.34735275837055,0.830606813623271,0.398365247853382,0,1,1
5bcc60b95c2b810001dc68e2,0.66073011614686,8.46556112603347,0.743979214491074,1.65051945481675,0.164109979946397,0.199913147618275,0,1,1
5bdce4e219b9ba000157e993,0.684659619404956,4.2599720269544,2.90960164135829,2.24221632669846,0.617039345377442,0.110400224662269,0,1,1
5c095f832570ea0001642474,0.749781028086218,3.17989906634108,3.51956310336577,3.72686019931158,0.133092952649076,0.011588451618383,0,1,1
5c0cb29e1b80df00017843d2,0.606734423927921,3.84974132940334,6.59094829066211,2.10860360570449,0.744035146966638,0.265244247360582,0,1,1
5c1188f4aa52ac00010697a6,0.651669808353376,4.01128923464839,3.84818949638901,0.643583128122889,0.691513969866206,0.172742209910504,0,1,1
5c27f83289f035000174a168,0.894980212041433,4.33399947300668,3.2654958500356,1.03341557518967,0.0568742534277828,0.0088380756241439,0,1,1
5c28feff5ffcb7000128a541,0.852404581730562,4.43029732723869,1.19904786933555,2.8421512972599,0.689413941763871,0.0716297398928529,0,1,1
5c32e9588573070001641744,0.800195177366257,4.80125715724618,2.52616796211914,1.69111988723077,0.206422099812223,0.0404831810423944,0,1,1
5c3c1617f5ebd500018596cb,0.771599355661181,9.75526469726767,0.804916078456554,0.441218142677211,0.635513452593258,0.65357445498856,0,1,1
5c4ea6cc889752000156dd8e,0.924452768548811,5.44204943247753,1.72412183996519,1.62532797741365,0.180924290813345,0.0289991094615759,0,1,1
5c52bfa7d3cc6b0001d9352e,0.837496847294651,2.72815465451756,2.79551728070782,2.07515959701145,0.574649836812621,0.123929797940645,0,1,1
5c567e2acc53750001751cb0,0.790462587982986,8.90798331487377,0.946432339955783,1.51580962428812,0.545443001482929,0.246859034690737,0,1,1
5c61ab19776b38000156cc95,0.655566576721094,3.03936809235106,8.50286933242902,3.18060560807321,0.818351237997794,0.643517362836156,0,1,1
5c699a5d21e90e00018e80b3,0.577972737136052,5.80335807819666,5.56296245368885,2.4839159598682,0.543603576711802,0.115257561472212,0,1,1
5c69f9dd4b5bb30001b3d31c,0.907511673421999,8.1887568795952,1.10322053388064,0.896921383706374,0.168929925439471,0.0205578977075019,0,1,1
5c9623dd35599200175642e4,0.583091728065257,4.04378892751871,19.3262168646669,2.73786328095379,0.365498544349872,0.0169056542115799,0,1,1
5ca749ff98b35f0001f7559d,0.945318983008508,2.0367249751571,3.34430074229355,1.17858747721885,0.0210861360276038,0.0100776911520282,0,1,1
5cad159b9488590017fcc497,0.911884113648178,3.84934510272868,1.34831064106335,2.76527657357749,0.59948734063759,0.0642819161970766,0,1,1
5cd08e2ff59e0a0013563602,0.533311364819001,5.06818358208642,6.43597686851881,1.23657553939903,0.400378827279087,0.300614764729549,0,1,1
5cfecc1e96681500168a1799,0.653804754110503,6.53513300728983,3.72870310288116,1.77667986173338,0.281651010765723,0.0440533649927168,0,1,1
5d012930cfeb82001817c9c9,0.701930806196343,9.71257276875027,1.5567984005515,2.10094484283352,0.690638197252635,0.102468245293874,0,1,1
5d016916c12fb900015320ea,0.575769716288859,2.52055799860251,11.7859995110963,1.95963479480258,0.732304235649513,0.797323143438468,0,1,1
5d0a8a22c0fd80001626e38d,0.664270449355749,10.7592759424474,3.19449652712242,2.37782303828851,0.120700359244756,0.0099993047790649,0,1,1
5d2e4267565e1200017efb42,0.896719025833116,4.46280621089648,1.20501494370065,1.53014135548481,0.638539714723027,0.0414288218440674,0,1,1
5d332957d0635b00013bd785,0.874193512112873,6.1454139065297,1.62157881256441,2.30174004430528,0.176717286004993,0.0238630865455247,0,1,1
5d3f5c8f0d0d29001a4bd973,0.812195493364408,6.55600130673018,0.899604669656464,1.97475375468862,0.622056041872297,0.530334909931548,0,1,1
5d453e8723a5bb0001492546,0.684637377883428,6.07349598531042,2.18463924721099,3.43099998956778,0.765617012659112,0.161272046097691,0,1,1
5d50feca50bdcf0001e8d38a,0.741971815284705,2.90508705189196,3.68825788815243,3.42123406761685,0.819753213400718,0.39328707936363,0,1,1
5d586fdc8200f50001f03a0e,0.676028666071723,8.60926929742006,0.738350131937859,1.43105116877481,0.100102882497497,0.298109280933534,0,1,1
5d612ae16512d700159face7,0.663645200142931,7.56916991758602,0.692188611537532,0.981605063875517,0.193688336696742,0.249054746235335,0,1,1
5d6b596f76cca6000166d81d,0.894255997084542,6.43606905916756,1.93175083862222,2.5228567598011,0.471515207432367,0.058138517458358,0,1,1
5d6ccfe1eeecbc0016213d93,0.739478251333853,5.06053250114565,0.725308592035035,1.606692924451,0.511218506310751,0.256083844953019,0,1,1
5d7499693e40c60001081af3,0.949016759328237,3.73061250795914,2.82787454601261,3.66359804870446,0.812591061993764,0.0957397783013319,0,1,1
5d7fb79ff44487001807463e,0.933679526349715,2.55059570123535,1.45435628119312,3.06153486407093,0.724280093401944,0.0371959935908967,0,1,1
5d849ee0a954540019f513dd,0.559953287443966,3.03501165577286,41.6766692937809,2.67302588845499,0.681410021023856,0.0501128013124822,0,1,1
5d88f2f8cefb52001a83f1b2,0.901012984136166,4.30524872550513,1.48975883524531,1.16777139734017,0.510637268361473,0.0771535289811547,0,1,1
5d9bdc6ff7bd5b001547ec77,0.788863938289222,4.15265013472476,1.83867496769489,2.03876628931938,0.164266534763002,0.0128207554205047,0,1,1
5dad4c34b3446a0015e3de93,0.76136059431893,7.60257331713972,2.11193946665357,4.21550793015973,0.115318732796595,0.0258753371073248,0,1,1
5db0a97f127d4000117cdfa0,0.69545909538693,7.55633132766625,0.685411513670342,2.08546050696696,0.783393063913272,0.735783774620928,0,1,1
5db4ef4a2986a3000be1f886,0.690767633555755,9.34589473016072,2.95754778456461,1.63417599966477,0.113938867099884,0.0296407084046238,0,1,1
5dba0ce7001ffa06b367c544,0.666053877459758,3.1687680425363,1.57304039792905,1.68843329782599,0.656634588702416,0.151973983376422,0,1,1
5dce29700ad506063969a4a5,0.922968938601803,3.74343338329721,1.35778802356548,1.73962417299928,0.106699512068376,0.0223171016424345,0,1,1
5dd4074feab0423daf012f92,0.719858602446277,4.02570228989638,2.04637251630433,3.35098384781433,0.628125124035942,0.0546921164245999,0,1,1
5dd42e7f35cf744223c60d1b,0.724783538990218,7.05895832406791,0.73287940491779,2.20390944598958,0.630684017049454,0.106474769298583,0,1,1
5dd5c04f86c88658b24d4cde,0.897075650500637,3.92841716424728,195.911096488463,2.06631144219027,0.728097538578281,0.074480616140223,0,1,1
5dec8925be656d35d4005320,0.753087656044136,13.6372019998102,0.827448580076533,1.13221715832582,0.433562504961223,0.0412974510302102,0,1,1
5df4565dfeea89323021ef27,0.726145491930157,8.07124351866706,3.46571670064354,1.53436895180253,0.230181751555434,0.0569225496999752,0,1,1
5df6542c1e2e5844f407f08a,0.780011968216802,4.09992515795971,1.50258750367824,1.90759673019919,0.699190604464254,0.10756835822628,0,1,1
5e07d174da6bad1342bafab2,0.682295544631401,3.67389200765742,3.87524816550248,3.24220820757362,0.737893370838029,0.0905408379167538,0,1,1
5e126c25a98a7a8fab258f14,0.953428121856556,10.3636170536258,1.11356948340098,3.65056094893169,0.0928439331517912,0.0153138676858078,0,1,1
5e13ad514c81b2a01ae4aa9f,0.900873012616427,4.21415907119418,2.5935773560253,2.39944047510979,0.724124548434744,0.267078210175249,0,1,1
5e1553fd1e2e58b6448d8dcc,0.738027528153347,4.00372870513501,2.40529766229165,2.81590120530041,0.105277601681672,0.0173128904065889,0,1,1
5e1f7b2a4c9b832b34e7c9d3,0.910060015301773,6.38949706370519,1.64418131027298,1.8313649885184,0.287873342311288,0.0290934931046769,0,1,1
5e249f815e04db720e47d872,0.746391183824135,5.16897253362778,2.53562961434155,1.33164482742879,0.289961845874992,0.0419294875988616,0,1,1
5e34325430e5263f0bebb32d,0.684131251232419,10.2121352741754,0.718153554174306,1.84137434989393,0.259209945291567,0.14382344241491,0,1,1
5e42f74f5b772a18434cabf7,0.758635325016901,4.62645310621613,2.31343027760802,1.39324350181376,0.685328728558222,0.208672129520363,0,1,1
5e4c0ba01ae5a4000b539387,0.568474802824345,3.20497803947855,2.28480638898391,2.6997768790464,0.645885065890485,0.494195384595653,0,1,1
5e84bd7c34d5d9072128fac1,0.751592865743215,10.2922385209722,1.7717893960051,3.20298353195286,0.222914665588499,0.0214791937468419,0,1,1
5e863db644d87426bbe2e92a,0.677611602117658,0.953905069008199,11.5735177819119,3.26389657624958,0.752344839334814,0.0989093260229065,0,1,1
5eb041548fb5a50b442ea70d,0.829413034544437,8.83522103192823,1.93826003500692,3.91008809461312,0.155863862007148,0.033204618789804,0,1,1
5ecda7f6509c241275db7396,0.88412171910361,3.89397079789584,1.24866556602425,2.61736059365651,0.11494866600017,0.0160965260510863,0,1,1
5ee09c1a0c2ad1027f541f53,0.925670182120361,3.60131709919913,1.52734661436532,2.30718152178631,0.171632018866878,0.0125957138224775,0,1,1
5ee1236e7f235110ac6c4ff4,0.622705540113663,8.07605397437587,0.780403581240339,2.20789872372409,0.0538915220883674,0.122821437496461,0,1,1
5ef0e873ba594769fa910258,0.754402396881536,4.53266548436373,0.649680207363607,3.39574990076495,0.768994803569624,0.471086496768173,0,1,1
5ef8e0fc2ce3c6644665e347,0.862104106341081,4.66706981596887,1.38573201067563,1.06025390871196,0.380884688475743,0.0434839592024936,0,1,1
5efaffccf90911000c95a3cb,0.544450492058576,3.82393847781226,6.35781367079241,1.77536435685061,0.722666609284031,0.350320435141313,0,1,1
5f01d812e83c5732b0dd15e6,0.616518348373933,3.82807468846177,3.37830087075322,2.00288818953104,0.608256319394904,0.112236403912602,0,1,1
5f0fa5d6f1db6e19c7702e0d,0.717333129991769,5.84534914937931,2.31665121398727,2.63638742312828,0.805414340804505,0.221787186168166,0,1,1
5f16f559325a640008bb9a07,0.608925212887636,9.36785213071769,2.03440170933105,1.58003200675533,0.509296113235831,0.0198611960788893,0,1,1
5f23ff398626c51fdd6c3fb5,0.642043765558435,2.56433880291563,5.61105937168974,2.64774681902173,0.777084485718822,0.739872118378867,0,1,1
5f2a12f5837dd81e5881b7cc,0.886621413813504,10.8505150664081,0.715820259737192,2.14910096217164,0.614280391286235,0.0550526228765912,0,1,1
5f2f8574ff256b37b1970220,0.835395022699987,4.2386771485067,0.788846013547497,1.47702465914677,0.582184651283201,0.491778729424009,0,1,1
5f3d6975ef131710ed519c7a,0.595695375316226,6.70710757649389,6.14604258757784,0.869401717331211,0.590508732753739,0.513947805793895,0,1,1
5f4a835e9e84256238129995,0.798909452608679,11.4101522800502,0.497996195361312,0.958575321391391,0.448757633569188,0.0378309160452773,0,1,1
5f51587f36e91f38fbf34c23,0.816817445711083,15.4372450004476,0.930291582739559,1.80986972295583,0.351720489941968,0.0429310338452527,0,1,1
5f57293333c15219a0bc1073,0.696667898642157,7.6179169183282,0.686099347201434,3.225370537487,0.751410967815771,0.74194360647612,0,1,1
5f597e39254a691df1186a21,0.561547070134631,3.07664794592777,10.2752065797326,0.852095571778777,0.567888357932183,0.103371225660714,0,1,1
5f5fef6ce0809f0d5b3cde5c,0.573943299843295,2.29199766500703,16.2761212589573,1.42724248237655,0.58081260135522,0.0870660383351918,0,1,1
5f6666e43be0b923d23c8df8,0.809249689730719,5.1839245765659,1.46587414853998,2.12830411251076,0.71603165175955,0.427771091854537,0,1,1
5f712c16875f0375275c57d5,0.763193429998734,9.29035975443844,1.98928944531442,1.30487499183889,0.127930073978984,0.01572163239344,0,1,1
5f765a3c8a6ec010370c9cc1,0.508188924050443,4.90671995399434,14.2680315021431,1.52583509338565,0.231162197271362,0.0351700940405193,0,1,1
5f7694edc99f3112b494e122,0.88054181302428,3.16566277381777,1.95752248666181,3.76273678282516,0.846855699595212,0.35843059457726,0,1,1
5f81fc9446ee002f681ea5e3,0.801049515688081,8.41777940677082,1.79689270546055,2.31665286462524,0.284926178236129,0.024459764999897,0,1,1
5f8b3c348183d30f91832a2b,0.70349562263322,3.87886325984029,3.32989919523354,3.79074530473616,0.797195732687585,0.170841074210256,0,1,1
5f8cbc5c355ea745e6cef2ca,0.94861134930656,5.53576639119751,1.26779613246796,2.27695586636514,0.672229200045804,0.050739288929092,0,1,1
5fa4c21a04bc5912180291bc,0.697553117172688,11.6720940503068,0.695322901202223,1.67568102006461,0.208881328392011,0.0350731554554984,0,1,1
5fab34d5e971f1617667232e,0.688329652440313,7.78497505786031,0.680056305132337,1.96580848750391,0.491067707117423,0.319927935778297,0,1,1
5fadd628cd4e9e1c42dab969,0.763383140871146,5.13111420518339,2.94390974625191,3.18518180281993,0.240430629685006,0.0423920729455503,0,1,1
5fb7dd473afbb1033b491811,0.924052188163352,3.22010518552305,0.410479471377421,0.893620646907428,0.423582736068612,0.0257252053931861,0,1,1
5fbd92e32c9c841bb352e09f,0.784614521070684,3.54827036317199,3.00803642300658,2.4947589819298,0.651348774763956,0.104217751572068,0,1,1
5fc2a5c0ddfca10169395662,0.885314476499553,4.14646438464022,333.707588729828,2.16426419657647,0.689824645126961,0.0340526787838143,0,1,1
5fc58cd91b53521031a2d369,0.600304794671364,2.08931169911613,9.45125854735766,0.758528300883748,0.552617430006708,0.237376534184694,0,1,1
5fd5381b5807b616d910c586,0.676683386691516,2.68438459527644,4.40970110548169,2.09471478608179,0.482106523283523,0.110943049840663,0,1,1
5fd7782dee03dc08d3f3f491,0.771125500359031,2.96508401310069,4.40172817474248,2.85223812160446,0.229507899921606,0.0719751657808877,0,1,1
5fe9ed6604a1df94eca17a24,0.670571439143358,4.30207913160614,3.30439451617258,2.50786504888534,0.808878299291714,0.124596666538082,0,1,1
5ffe235ea848b74a3b3ccd07,0.859552762877147,6.78401038802467,1.5500215673883,2.74913942159782,0.0653021726237266,0.0135454630404822,0,1,1
60079f45348bb62bdcd363ff,0.919591030308909,1.45233029664502,3.63474523528336,1.59117472937003,0.0649980430136681,0.0149166125634876,0,1,1
60147514665c424b4b812e7d,0.914082049609557,5.88713627278809,1.77949884417521,1.29930593704169,0.213232992608056,0.0197692818868397,0,1,1
60173ba4df028898aa20838a,0.65940547975544,2.84217977167395,2.32082328668168,2.54513406157945,0.671965317707994,0.0846695433777577,0,1,1
6018a5c0e1600b187ccb8693,0.714217013158652,4.65331395629443,2.94533994375002,2.44147612837639,0.632273393306334,0.107014892556785,0,1,1
601a2908d4210b238f755fed,0.783692060296793,3.3053680376389,2.26847902628026,2.75468028827277,0.674709799772578,0.0391945841095129,0,1,1
601c6342141cd277e220c083,0.919442856848505,3.49655940667278,0.766780092902149,1.29868013587641,0.534649153324284,0.0375131760800552,0,1,1
601ee216235cb139ff0a631f,0.596518145617091,5.03251269147052,3.51562680575301,2.63264350999406,0.743323212561681,0.203987282264621,0,1,1
6025b3681ff1521a3369dffe,0.935355493722838,4.26988822496188,2.33518609540797,2.46141969789471,0.176259523622256,0.0267056267592628,0,1,1
602e763eef81ce9e57528e1e,0.687781305368407,8.51119477888781,0.703028190207581,0.677929711814225,0.189629048366578,0.366673463461993,0,1,1
6032aa14166df72d4c8a331f,0.901937272523983,5.14723620775688,1.03473490143571,2.28211887070331,0.506311297742161,0.0233060232014593,0,1,1
60370cc8e1feab5ce84685ef,0.663694310570035,5.71403423555147,1.66437708293359,1.96595802337238,0.697900398161797,0.218193816182021,0,1,1
603c92ad5ed1c29cf04476ca,0.650141964727852,5.17386331567669,2.37073191708942,1.92701610807461,0.422565311728802,0.146355317266054,0,1,1
604011377e5b121dc3267a3e,0.887069984700787,0.289078074918196,8.44111157149877,1.85030251971749,0.595852568481682,0.0501642926374633,0,1,1
6051443969acb1800712d081,0.929318041455726,6.56243621039708,1.96359070459048,0.906036110442368,0.264483292977253,0.020743859991528,0,1,1
6052961c99d0779f4f953050,0.65012083613666,3.98111891691492,7.1293219496522,1.994636148193,0.55931071460031,0.186293457133636,0,1,1
605de3af48d7a575adb95b09,0.623483666459077,1.74037495354553,9.25074720023553,3.29398806524191,0.591281519319021,0.117403256302535,0,1,1
606340ca7faac7025f31dd57,0.773812036086654,4.69905691966797,1.91343511330553,3.75526073350834,0.154423235322358,0.0132867338720094,0,1,1
606a3cf263a18869ac8ee0ed,0.691126335532429,8.72424006972058,0.729965262981922,1.7382806117921,0.0763017430934581,0.487374738380055,0,1,1
60774dd4c93ddbfb673deee1,0.618613829399142,7.02775626147587,2.72606616853935,1.66162387366285,0.495217056764659,0.0918941648603306,0,1,1
607778a26ff3de83125f50c5,0.841082375101607,3.31739218327027,2.71462967444226,3.64441455491305,0.810889160700297,0.118012965739739,0,1,1
607cbf385d3202721e3f719f,0.732784122892781,6.75455118816771,1.79893474168516,2.32042360571083,0.678158987312822,0.0963386224587883,0,1,1
607eafaf008af56a5a3ba462,0.54951620685658,6.13314644053376,9.77882435420539,2.53572800762871,0.788510035042096,0.649214282578778,0,1,1
6091e1be3df7254e526f7168,0.928876575699996,4.30452154469257,2.1115820671497,2.03710585625674,0.20958430692998,0.0441243822353278,0,1,1
60a7eb63dab0406a75e79293,0.838129579797087,7.17971952686534,0.638471198743306,0.543766606997234,0.043548225384697,0.238734211455735,0,1,1
60b49cb1dc5470789edd23fe,0.676025632202163,6.84581040602239,0.731525473298529,1.14831471057898,0.135083658931522,0.624733299961973,0,1,1
60be3a1699ecb058103a2292,0.926626943703982,2.60656057598974,0.985542195298398,2.6130235834983,0.28122883785126,0.0219658624559057,0,1,1
60c6e4b6069d11620f91f6b7,0.586221607708494,7.70194164070365,5.92091057895946,2.96926799826477,0.737131616348195,0.385526513984124,0,1,1
60caf58c38ce3e0f5a51f62b,0.73338117866412,6.049127001919,2.67645658246459,1.94174767889515,0.132435241798618,0.0250518527043191,0,1,1
60cd861b7d0e8d0ca014e272,0.617345970443616,3.02868316237423,6.84349372793443,1.8984619383746,0.748722609935752,0.444650689982021,0,1,1
60cee4ec871f36088fe20ff3,0.743732456866402,14.2157553028132,1.15918548683039,2.02822952730182,0.293708851045548,0.034414721449487,0,1,1
60d5c363dd49bcb80e528806,0.861785376091645,5.08436670398688,2.61519127202428,2.94305528041149,0.0566322675468657,0.0105027653726504,0,1,1
60d9e874269237cc2a228006,0.633494433892228,3.32202110186995,7.59953034886382,2.05341973290415,0.617543989613661,0.0986706273918969,0,1,1
60e36e6ecb9f00e7b4dab92e,0.669716061437637,6.08472553556268,4.12741690160208,3.10396325997461,0.229975148809492,0.0412563889058697,0,1,1
60e792f25e9ab875f9605cf5,0.702162675538313,4.71487592819873,1.93076932850319,3.26099619713681,0.624657749411422,0.133653140521838,0,1,1
60e8b06bfb1c78d450ae9f79,0.522337108661352,6.337354424899,13.307695044586,1.52007637311156,0.749360559104638,0.781985618859153,0,1,1
60ef2700e476748689a999f7,0.783283650172481,2.6424883966913,3.82641657491299,3.32954278694103,0.701478688404069,0.100511445001222,0,1,1
60f19b1807eb96e727acb757,0.893637716208311,4.8418673152464,1.64343711354242,3.38989565338177,0.271716525344592,0.0356676104573326,0,1,1
60f4a2d142c69dc1121b6dbf,0.668847798331004,4.10531426291406,3.32610553835592,2.09169331913264,0.574414342790331,0.0854293848460894,0,1,1
60f6ce6de6cf393bcde0c14d,0.700682639843271,8.7675896239644,0.700613448377075,0.811135338932482,0.166132878604439,0.591900745705741,0,1,1
60f8cc430a3d06de34a78773,0.657070234912081,7.53932999442358,0.693502776928312,0.403057639188642,0.145725606036007,0.126217157174093,0,1,1
60fa0929b83c13a26cd1b8d7,0.907505496108389,6.56268183475081,0.538041196253601,1.47751298958782,0.472034184339082,0.0442323141162521,0,1,1
60fb024cbfd74cc251c6f9b0,0.68386399168428,3.98071769243032,3.43622619026372,1.48358069930024,0.247618721040296,0.0536599789898225,0,1,1
60fbf61d2b955086ac1b1331,0.721196617915415,6.60586873665241,3.12759748773608,1.15651295225613,0.0851108975378232,0.0230144187388306,0,1,1
60fd6618f9a377f54dcdf318,0.763978085050277,5.13769399807518,2.25850035939095,1.397828146035,0.25636637512664,0.047561935925181,0,1,1
60fe8de5380ae67bf7370ac8,0.553984995829252,5.04389353671124,10.6674322740499,1.01983422554904,0.759206807705162,0.809750241824192,0,1,1
60ff2c3d915d23318b73ae8d,0.824200940068208,3.73864986042293,1.91107394428348,2.84526839131822,0.799114783585568,0.124477804894808,0,1,1
60ff7c8f4f066ccf6fe05587,0.845494368003782,4.65269825278458,2.75458386545882,2.65587603023475,0.122407177389812,0.0383053142966562,0,1,1
610008383c0a128712403745,0.892054609114416,5.29556977279192,1.49735420386853,1.00777071580603,0.137529770943969,0.0172029458083238,0,1,1
610038371297afd6f2db9323,0.651943417958729,7.11034191775299,4.74068578507907,2.04551876534648,0.0565900452700267,0.0065437820212069,0,1,1
61006b0f1f3bfddb6b4c5d55,0.678725349381088,9.88572192901074,3.05115721096614,1.87646424818083,0.0206058030356687,0.0081478209035667,0,1,1
6100ad3174a06d6fb34718ce,0.666572568660033,3.844287779942,4.93857954224532,2.4744798555711,0.501315129055712,0.107666484111305,0,1,1
6106e56a30bffe5aa77176ee,0.916015241292785,2.77898698351927,2.58182024436405,1.88685052143996,0.0483334184064129,0.0091474221869844,0,1,1
610cd5f2b38b2d1bffe55477,0.788626611130039,6.23047419824473,2.08600696166801,3.38991279763668,0.160152569144782,0.033140186991625,0,1,1
611167ed8d09c1e0fdd862c2,0.666473586970726,9.43052719462339,3.35261929368665,1.65350608462044,0.0441852616077649,0.0135598893791699,0,1,1
611622ddd8be1ac51298cb89,0.608837631394906,8.02413815636728,0.788796555328812,2.7708993517637,0.0433368225955839,0.0976513477136177,0,1,1
61183fc3800e4a722426bc6a,0.88323762754148,4.87810001483758,3.11919827202999,0.7355704031394,0.551711691871434,0.0413590906488371,0,1,1
6119b5c448fbd1d8b49155ff,0.890892879570438,5.50240088481747,2.6365992460749,3.52505873698009,0.0967250446152237,0.0382611390764917,0,1,1
612fa6644526903f736cf925,0.890883075038412,3.07615542268349,5.95080541061195,3.81778406241726,0.537062161104032,0.0448022293138208,0,1,1
6136503d70302c9d1aa894f4,0.921077872934624,6.46452958369467,1.66346468620496,2.53164458572658,0.27721979154221,0.0556625664237031,0,1,1
613e77b91fc96b58404a4584,0.811141472914642,6.11483524863684,2.11452909722642,3.76372369314284,0.13647418309888,0.0239819128173832,0,1,1
61546cf3956218b9a9e5a699,0.792975438012493,4.82833463623674,3.15328347532539,2.94447998848128,0.148624463546973,0.0240098493905553,0,1,1
6157e566d0e2dea35730c6ac,0.648976235661787,3.28693689453114,8.79612123830612,2.05825872739911,0.606182676881918,0.578333923721908,0,1,1
615838a2d65d6be56cc96091,0.876676203974152,3.99630656885724,42.9074396430949,2.8611028394429,0.597689965094382,0.0251275411555907,0,1,1
6165a91cfe487d469c4242fd,0.638021665045671,4.98105634113077,4.19024080929842,2.43231622977061,0.491212392007893,0.0627237285953628,0,1,1
6165af4b36cb3bae91f2e355,0.801962711518616,4.94581902210702,2.20365222311941,3.35688080004233,0.545215437833277,0.0321518851971327,0,1,1
616dabffda7757926ea7e84d,0.727650519281993,3.53271628024022,2.49549206414157,2.55655510147581,0.597358622640175,0.0938523991358215,0,1,1
61bb392e40db417c1a138dcb,0.571331648915266,4.17620540467973,19.1758776061015,1.53850473344443,0.766103351671792,0.29819713132566,0,1,1
627d1b0ff09ff00d79eb9d35,0.634499008322671,5.49354094474661,0.809977356377985,2.20226444042512,0.20139631125343,0.379405196866595,0,1,1
6287f4819c5fc8c4d48cc885,0.71214785635128,3.21114201863347,3.61134232185246,2.55667016631375,0.48788070396235,0.110819660905753,0,1,1
628f827eeb876ed2617881e7,0.63936975167809,2.87857254274947,6.47179845011076,2.7719048404035,0.760560131965287,0.296039646593659,0,1,1
62926f5a375553f13d68bc92,0.889532645261708,1.51755502243736,1.04670240841038,2.34296860338804,0.518122418051897,0.0312274210870581,0,1,1
62a0f7db18a72f2654996af3,0.907233226854834,6.66092825534038,2.74020772979823,2.54994149740325,0.183106897903683,0.0343736721595242,0,1,1
62b077136224952ffd679d48,0.763598833295413,7.73108175897639,0.756930792478215,0.994186878530639,0.277227193265202,0.733067037731606,0,1,1
62b0ff84054c6ca32f481c65,0.70485185791054,4.81639768586939,1.80187780407446,1.67123310404645,0.736596594768695,0.0977131845281489,0,1,1
62b2c25fa2e87e7ed2da2b87,0.875184644118903,4.71409017110748,2.07865500622604,1.95050121915607,0.123089142655224,0.0271315208336228,0,1,1
62b32a0ea4ec7b2c14906e26,0.575272270130699,3.20738563540962,14.048378660255,0.987570899970616,0.741225922879496,0.0495557247246436,0,1,1
62b496ea7c06f67ea068d0d3,0.573586137802084,2.61675169486465,29.3794484914775,2.35809037155891,0.609596912799797,0.920088887893251,0,1,1
62bb42e2f21cfdb280cc975f,0.806530546483782,3.67983710183276,1.97250777628343,1.9209377222244,0.732525101885389,0.0965608749984974,0,1,1
62c5d77b4eacc0065ba43fe7,0.682536591808305,3.60857423542309,2.36199385951047,3.09800325081134,0.401410005225822,0.0190663294555783,0,1,1
62cd43d66c2dd7ae9ab53ae7,0.536774929206127,6.49369917544353,6.07501151103771,0.44909155516681,0.513955155841142,0.111899219356318,0,1,1
62d86c63e2966588c71b9ff2,0.924074559411073,4.54880733815611,1.49573224420895,3.40428144257634,0.529437121477976,0.0825540841350776,0,1,1
62d8e75cba698660a22802c7,0.858421256014322,2.71584527404667,1.95665518500159,3.80203556228827,0.774873540177592,0.109571756824239,0,1,1
62d9e46fded6a6209a518499,0.798593582669524,4.49448706500863,2.7914196963513,3.46901210825764,0.0909372741368519,0.0163637618287533,0,1,1
62e15dfab54f025985de6b5c,0.620129310422254,5.17939421611767,0.795241787047392,1.55430539254241,0.0417064999811011,0.274282153902502,0,1,1
62e19208352cd518d7b2f085,0.835920756022972,10.7695238040115,1.49587813587435,1.96297068046586,0.391003948309776,0.458219315832033,0,1,1
62eaf1d2015ba1448aa273c4,0.882515994608781,2.69793138055499,2.52527211776943,3.03104216892779,0.652410821496497,0.0364101354729659,0,1,1
62f1b2691a5ac1c03a9987a0,0.691883492955945,1.8242129767894,7.43361494447773,3.04259688761822,0.500410229958899,0.148835951529334,0,1,1
63038702fea51556c37c36cf,0.887090747349077,3.83439536972227,2.13042294301854,2.59165764554745,0.0415876991111238,0.0087311525121186,0,1,1
63052f20afc39e87110eb83e,0.734795531130298,7.74001105805894,2.06979446350167,0.977918268967561,0.34043667813624,0.0493757444430614,0,1,1
630cc9747cb664e8a03c29f0,0.887462746406846,5.20071100577452,2.28832810097825,3.11784911656667,0.530913178201489,0.101844105793967,0,1,1
6316212c1109a3b1bac89fe6,0.674368763011449,3.38003464554398,3.58285566368677,2.83543394390452,0.633378315699236,0.123008259788983,0,1,1
631b66847990076d05887914,0.520820284629244,4.40326813737023,9.67292797973741,1.80940989957636,0.789193846836823,0.76410388224749,0,1,1
63225b65b2d6e889f7289909,0.706423097961619,8.66769454588981,2.64208295054213,1.67728459214006,0.0771743684909874,0.030646640669632,0,1,1
6330e50102d0e9d363d139b2,0.68780743694471,4.6906408605558,4.98127773494461,0.822844366138506,0.122935475899102,0.0670067517195077,0,1,1
6333926e48c34a5d39353558,0.927172395419785,5.00108445618192,1.36629076505858,1.80225859670364,0.343055860829732,0.0605506901552861,0,1,1
63378180a7bc5bc3427e8db0,0.58007150967479,3.93991556345196,6.05145568651621,2.03339900751062,0.791285452522136,0.429328349828922,0,1,1
633edc50cfae73d4a72ca889,0.904491025620762,10.5161289374655,0.921997407936186,2.23321636475742,0.329843614514449,0.11305219054941,0,1,1
6348846ae221cb4a0efbf3f9,0.683884768612782,8.5620880212509,0.736082931449054,1.37527230476144,0.0483559960448484,0.404240412489268,0,1,1
634d7bba21c8068195b53016,0.726912092178863,7.07227569545974,1.29788608817659,2.21345990940527,0.562848109822244,0.049510663344273,0,1,1
63617d69f2a3425296c8d89e,0.531066684093542,4.34794572247551,18.4187205791262,2.14985461855023,0.672549708834269,0.863785154402128,0,1,1
63619eb02e5bd8f4f7bd138a,0.952675668447845,3.41570813110401,2.8446714101402,0.851903711839409,0.0283804189530035,0.0067594590637203,0,1,1
6376916db0ae9a57d377d0d2,0.678834258826786,8.16767478976475,0.684759552977956,1.95132976268864,0.477248189764221,0.218048443519988,0,1,1
63971ce5ac05acbcf187d303,0.522142280301681,2.24279645283748,28.5720482113371,1.85679182323511,0.539136727743617,0.822841508293713,0,1,1
63bb9d1d25b272b93b81523a,0.785776208687734,8.29261205819036,0.571666854864557,2.25340542772822,0.3412482069062,0.0656034900397429,0,1,1
63bc7562fc676fcc04f9c640,0.745384957829402,4.39619997227297,3.09067080530079,2.15831900679599,0.165746952573009,0.0438988752624891,0,1,1
63cc62e53735576a651d54a9,0.551406488848828,3.98138813777316,6.15781510379951,0.661819991645932,0.339743387955723,0.107187187413608,0,1,1
63d1156045971dc6b0006c73,0.735939039383125,14.075874204201,2.1904901102932,1.1504506783104,0.0851437553346534,0.0345312788315799,0,1,1
63d13d12c35a12dd05922c69,0.657399248783336,11.1565797884288,2.66145114124951,1.48882871399394,0.196936347293594,0.0899136005751828,0,1,1
63d193c45e01ccb694993e7f,0.807273595356082,7.44898605647344,2.25704301187446,0.999560523098484,0.0388345526120507,0.005813219643566,0,1,1
63d432e27555fb4b5785cfcd,0.814147360048571,2.81013796792715,3.80826947405887,3.13751296786666,0.506483848084509,0.073628241069408,0,1,1
63d569384ae2cf6d4dce7c32,0.846085270565275,6.93638124096331,0.908896653570376,1.17085359936841,0.612097527097482,0.135678941353944,0,1,1
63d6873b65a6170d64a652f6,0.637109263769312,3.92944255537721,3.70080693446608,1.15993035357649,0.361087016196224,0.0903372946958496,0,1,1
63d6f2705562fd353b7948dc,0.842532453276148,5.54587718345735,1.95156708394299,2.47137278263077,0.0470590791079501,0.0182364280465873,0,1,1
63d7e70fd618cbdb3e2f3aa7,0.939034958980565,3.78451701529486,2.68750686110655,2.2664348565493,0.0790187891857073,0.0071234062000243,0,1,1
63d85999228b7d6b636dd96c,0.870331183134294,2.83327291148595,4.07280826367119,3.84609525064307,0.567607295826916,0.0710137659693121,0,1,1
63d9bbe653e18c0a4e74f51f,0.629343375707837,4.73326109297256,0.808951028809537,0.611088588781681,0.0702363954140097,0.12698357253644,0,1,1
63dac3039dddeaa909a790fb,0.645113531427313,5.50060111895709,4.94962919602992,2.46961092131842,0.0881331535518972,0.0382460226490398,0,1,1
63e5242d0f2f6cbb94a848d8,0.784488543636408,2.20255328132224,3.6599723505587,3.52250018045819,0.785341712032535,0.118319661897364,0,1,1
63ee65e3470c23cb401ca89a,0.551393832677032,4.7861008292548,7.0931390416128,1.04213984832542,0.623930087060152,0.239887085697621,0,1,1
63effbb357025439ef9f8843,0.939307404896624,2.10727459921734,1.90032381611277,1.28768410896278,0.0943590064690696,0.0089213594976845,0,1,1
63f78c9346da47f7f8f3aef9,0.739776881558532,11.3177589450321,2.35074731600377,1.17597125367776,0.143293463688022,0.0262281539023153,0,1,1
63f78d9a7a3d118594efff74,0.919336468566132,4.16213548657634,2.42146440977788,2.7530193606757,0.166796239881252,0.0183064511966617,0,1,1
6400d898fba673e3167299c9,0.936823523454982,2.50066730763788,4.53961953457075,3.80324824472978,0.689737350468202,0.0234477436872558,0,1,1
6400df3b4bd1fb13b52727fe,0.869250414498718,4.15608804740329,2.14146749756635,2.31082267630107,0.418731713966239,0.0191978212565613,0,1,1
6400eec38e0aa21ec536a8d4,0.692990461739268,2.94229509719118,5.40039551888151,1.17988377855274,0.812038604433744,0.458052853189954,0,1,1
6401307fdc0c5a08d2518c67,0.915435799434865,4.23913215509064,3.44545859776637,1.98543007612466,0.236043352178871,0.0764871165391291,0,1,1
640feb5e49b723bcfaad6437,0.932848634117168,4.92056278744822,1.45760698774645,1.77159712311258,0.0764497691909161,0.0128519034532655,0,1,1
6410e0ba81f88046afa861ca,0.955376959709586,5.24606364894485,1.35444081077239,2.65899951126756,0.0313544920729353,0.0068113876746806,0,1,1
641357b26802e397b5627d5e,0.726365305445146,5.28421998523913,2.92982970780379,1.64915595080016,0.510079125373576,0.0586209791319319,0,1,1
64136bf30b27746cb96f7db8,0.724371160103957,8.40407685642855,2.53396209119033,4.23558102933337,0.0515497678201133,0.00705678829808,0,1,1
641397a5ea8f5954ad10fceb,0.922093663483246,4.87212968051546,1.37459372115933,2.98196434149154,0.67102617020054,0.0493181875312239,0,1,1
64454350de7f8a83ebb0b8f9,0.540991590248856,6.21381786043451,5.86223900436551,1.18541994916843,0.798764573332265,0.732197653906463,0,1,1
645370803cea22f8fb1f8342,0.930909917586707,3.11289236090397,6.17205547138919,0.848706040200894,0.0596279607252633,0.010999865895053,0,1,1
645a0f712b769eff5a97d2b2,0.906959520553634,4.87122621943218,2.00414540964662,1.42057866812417,0.611294291039228,0.0189842490495317,0,1,1
6461bbd8b010cffa35d7852a,0.899522404507,2.79520329842509,1.93872133197171,2.59173839525864,0.627084602800102,0.10331680040551,0,1,1
6463e139c1cfbd6321e08714,0.91895932842926,20.0090600055148,6.62339175476018,2.10558116294575,0.0651221038823021,0.0145876150490975,0,1,1
646774e0f86825ab62c37581,0.527610590446881,4.63429203379907,28.4129813602265,1.3484412667772,0.368329213785014,0.865804099366144,0,1,1
647c65c5acb91c89819c7970,0.860736612289558,3.75083793178585,1.63814139086282,2.15489368995524,0.332605184319376,0.0806272155495909,0,1,1
64875be76d98311f043edb55,0.728084091138417,6.1780080995873,1.82210559315081,2.74511819617426,0.245055519621873,0.0237387623209333,0,1,1
6488eb2841a2c8ae8a7776ab,0.788915613793542,4.65737310462115,0.563903818948776,2.11152834161002,0.667525607515796,0.350455360370494,0,1,1
648a3e85644594030e52bcfd,0.696770283925004,7.71306257195185,0.690446144817854,1.71099652632857,0.0297861661383045,0.451396231961805,0,1,1
648ddf3aeff70c1f26ff2652,0.64524009306383,1.19067279352498,6.98302416071636,2.98714151086908,0.588907710940752,0.0571648042793258,0,1,1
64ec9ed85cb559b2dd473883,0.817302301628825,3.7778430043433,1.50311125297088,3.14106108962541,0.618757169629633,0.0500094674254326,0,1,1
64ed752fc6520eb4d00b1992,0.615046967419267,3.57490390743721,5.6752126419291,2.39469675460394,0.585927098988393,0.280905651973901,0,1,1
64f3c1ea663cc3247e8100ce,0.886061120098825,1.36283320665664,3.45946680451262,2.94567127888778,0.576610363574676,0.117627159053129,0,1,1
64fdee2b969a06603ae3226d,0.705899432491836,3.45467166610686,3.99255038941612,3.08125041395303,0.194334429834672,0.0575524291256727,0,1,1
65028df3dcbf9224299692c4,0.7121060111117,8.83224380364911,2.33465171213425,1.86989538529563,0.0465622531653727,0.005796614763291,0,1,1
650392fe8aea9d3456ad769c,0.783717597366187,12.0466696013124,1.13226843467537,1.81995686900596,0.316577181179141,0.0712608287911694,0,1,1
650739048d93f13a5f6b200b,0.663968220248079,7.05503301929801,0.730944877662778,1.02072399881158,0.410143001531724,0.287935718656129,0,1,1
65087d8f2ba136783598dcc8,0.592016825969591,7.87959422913882,0.781311876495356,0.682370386491808,0.163421220331499,0.0619026526402042,0,1,1
6509b5c86e567afec112af86,0.666428660066544,5.56369784069256,1.9937704749623,1.58528694531263,0.618210636890542,0.190667423261628,0,1,1
6509d823ba8e80eb6d142f52,0.968508629321902,4.87627346380989,1.40786101956317,2.52169340931604,0.0382580646114507,0.0039494075829556,0,1,1
650a0d3e5d77e2efe1142faa,0.79736053431154,5.06290584540365,2.04849670061366,2.23986941797666,0.232924876417835,0.0190253605674157,0,1,1
650cc5b9b1d873ca190319ca,0.944387902266586,4.65886047605816,1.36761021855377,2.36158770164888,0.227429539510325,0.0238369880943876,0,1,1
650f07628a3af129936f8c33,0.943419502133141,4.04392221543882,1.53351287342846,2.47265864897023,0.240177161323384,0.0236054669021324,0,1,1
6510cd961db8436e29a29680,0.858441899527006,3.24751981183636,1.95153132542898,2.64211939249935,0.282507959418377,0.0209090575961524,0,1,1
65170efd2a0e6965260a7fc9,0.631409513161678,7.01921591895906,0.679932060917922,1.92488118696964,0.288568483503585,0.0824741198256048,0,1,1
6517301b6d21d25e19c7e501,0.727943223811146,2.82167616277119,3.22973737784501,1.64613277452106,0.536234564720087,0.121290044100533,0,1,1
65182e1e10132ff1a8d56997,0.831272489377216,3.7540464377217,0.902066686362461,1.73439628593422,0.655687421401339,0.234946043568065,0,1,1
651b1eb597d19205a5069db5,0.793067332436515,3.89307780694356,2.26911307517611,2.18963019050971,0.211956758761346,0.022575661145551,0,1,1
651c02cd725ed8394f32b100,0.899277728293465,5.60323483138037,1.95059903569619,2.35219856680264,0.165879900247505,0.0270391962384037,0,1,1
651c68265a8d5b5c6d589acf,0.766456277962761,2.8465863682153,2.93597014658349,3.53995178707529,0.77743025023181,0.157424630845885,0,1,1
651d6bb6247d06978a8cfc85,0.946709466583955,3.10126500586475,1.8014954575459,1.65329145440406,0.0938963882176522,0.015421943472878,0,1,1
6522a86994a5ce0d7bb9feba,0.706211288747056,3.04967474410451,2.58566448908991,3.03689822250628,0.762632629668329,0.131492005870133,0,1,1
6522f7d19936291bdad7dc2a,0.862028081331655,2.06838942733754,1.51077181911946,2.16360380964249,0.541428946685314,0.100984463374033,0,1,1
6526e6db8f0e2069023a4ba4,0.769381907452333,9.74230297323153,0.81005100721767,1.9981358528988,0.537842704650482,0.483272934742135,0,1,1
652ab7948cb59f4c50c7972a,0.573717132065986,3.68276378309302,7.20699228174498,2.3819253676881,0.692964283257151,0.561394152648373,0,1,1
652d8a4cd08c6435db58fd9b,0.796964264136817,6.02167600573628,2.01835187157444,1.49247496631953,0.062668506842656,0.0090939701002271,0,1,1
652e86d6c622d50f8f92ce06,0.606691217632986,1.84752499718897,10.045489752043,2.10520685325554,0.572461312648781,0.295289584778697,0,1,1
6531958a74d39ace86a60bd9,0.759338534862947,12.6264223774447,0.729058292299594,1.98672415905824,0.55062311082716,0.0477424353681166,0,1,1
653a89a9cf6755724b6e38f0,0.947033863266309,4.22048650921383,1.36201178639468,3.32222247992109,0.226433376667251,0.0396916059458145,0,1,1
654169aa10550ea538d099e7,0.834118275332033,7.54812892770543,1.33158097037569,1.50333472431811,0.422562700373177,0.629396523149347,0,1,1
65425c4273e7913dcc795ddc,0.945657724307625,3.94048211096574,2.40737748069326,3.04881610921021,0.385880685295781,0.118047559812852,0,1,1
6543ae60986d42c7abb2e78e,0.53461324184519,3.53789854314193,10.1190248172183,2.89604068008073,0.677076073415472,0.701638707739307,0,1,1
654479967bcbed623a65a831,0.794663234568454,4.47626926202359,1.1004790936421,1.05620321168456,0.296704480283522,0.1605737473268,0,1,1
6544b95b7a6b86a8cd8feb88,0.92262329046628,3.97812483496847,1.88535195989545,3.05673062198898,0.540171108032947,0.138612764134984,0,1,1
65456ebc819cdd5600552571,0.729881421053103,2.88851027129904,2.41392753103451,2.61137618733273,0.608767440423396,0.100658843577298,0,1,1
654652acd5eda75680390985,0.90814493898028,1.44670704330567,8.74982877912774,3.60330621420418,0.79910480490391,0.261174842450615,0,1,1
65465ac216a26bebcc8d8b02,0.905719949086928,3.92000335348082,1.84295903478355,2.12738367181644,0.389186195510805,0.0521048261514058,0,1,1
6548bbb5d378b15bd8e187e7,0.718041210114382,1.17689450237735,4.16932407798444,2.47457713192074,0.566661212811787,0.11916384583283,0,1,1
6548f1c15e6d25e5ab40d001,0.678987284909837,2.2593507941133,4.05808909510734,1.86342518464323,0.54848081962873,0.151823020678973,0,1,1
654a430b10f03af91bcdb7b2,0.909070099008305,3.33732600610348,1.82238119795444,3.18085966789074,0.651227301905437,0.10948892714566,0,1,1
654e8ea6a71150429fcee0d4,0.677285830080587,10.3302796587935,3.3028897342201,3.48678548046627,0.0359015364667705,0.0111751350454816,0,1,1
654ee481fcc1748009be867c,0.674933338724907,4.9111749930348,0.659700667713238,0.960655062698456,0.279180949720902,0.2841754852301,0,1,1
6550ea5723a7adbcc422790b,0.784751584742719,8.58987020115826,2.13818834418948,1.08965360877439,0.16028375260757,0.0285878739623471,0,1,1
65550ef99d149b5052b6d924,0.725279323561509,2.49321500865959,4.72542441415706,2.46149906500295,0.801123401663598,0.177513113228597,0,1,1
6556a01177d7a552a0819714,0.845979055788992,3.44640561753828,1.35781326756469,2.79323610841373,0.678413408100706,0.148953129349428,0,1,1
6557311b0fd795ca70b212cc,0.768615120196337,4.78070342783044,0.883067608107317,2.00079721310131,0.523370526287352,0.199614094553128,0,1,1
6557ebf8541bd32382739c1a,0.769486330180982,2.91136825060798,2.23855336318571,3.1382140760943,0.646276785703158,0.0960272638028809,0,1,1
655a655f62fde845d4789149,0.600141409065424,1.96750695105148,9.11315677123774,2.88572232748658,0.707771614371958,0.271103592165059,0,1,1
655be887bea58a8fa4cc9a48,0.909510286673447,4.19006236545385,1.44237238876699,2.9819434979857,0.218544870140696,0.0228353047231817,0,1,1
655f8edb8b128e01321fbf88,0.611922292574593,4.32501542046345,6.24411163825253,3.08645659992594,0.821639503139838,0.708713194213708,0,1,1
655fc6a4919a4ddb98818d10,0.775842204199301,12.7091083843858,0.776168840845129,1.21916616883464,0.200930046006808,0.0233919985770933,0,1,1
65627c72163e4c5a24c985fc,0.606914329583404,9.47374666988836,4.12894791690859,0.723718855169085,0.357645293789802,0.046912668491559,0,1,1
65634fb1ae9f62c99fa4ea1b,0.671988644899567,3.34272853069814,8.42273018604076,2.87258266385138,0.2369441384449,0.0884350117849387,0,1,1
6565f2f48b9c168ae6c249bc,0.925356242529352,3.20930175308976,0.738943426393885,2.81781052242848,0.127448958353325,0.0195308888574256,0,1,1
65674d4267c6b5f436246057,0.833982131350083,2.72521838679759,2.43413584435739,3.32724495861563,0.788927233823802,0.0917976070168751,0,1,1
656cbe939b8a5cc866d7ccd2,0.925589267645068,5.79072235247645,1.35504372893381,2.81471971939457,0.323399972201769,0.0256912908237482,0,1,1
656e57a72605815bfb770fd7,0.577402096374357,1.89555058954682,6.64900619124979,3.29582608052535,0.726653286860268,0.258875013413141,0,1,1
656e8efb6e6610ae2d831f07,0.793909742660112,3.96177374099943,0.666482759880301,3.57151591403983,0.741326473568684,0.460753197119643,0,1,1
65761328646d5bb2adf235d4,0.570599445371789,3.74533411559761,8.80523847376005,1.72783142942887,0.638019161332657,0.715438051475081,0,1,1
657a5182376b4cbf1cc18bb0,0.637830905395634,4.03916818444672,5.27681405156553,2.53821993545353,0.445659862902761,0.0519336887850199,0,1,1
657a6ecc62c29be44b207d5d,0.661444743951274,2.51628900258018,5.4396054074459,3.15773846487394,0.723092362678447,0.12464500026398,0,1,1
658050b8b9967cdee12d906d,0.751495179517667,7.87056490749783,1.86634658969041,2.60707726721907,0.149597037041014,0.0229607842909764,0,1,1
6584799f35ef411a8fb9fdb6,0.558678858188625,4.59906886157845,6.07247276094174,0.98943959649059,0.653012950233531,0.421381134862949,0,1,1
658f8c50f489cc904ba56539,0.891341751827892,2.09028816905378,6.32780176510481,3.30495925137354,0.778469919736833,0.189819224232817,0,1,1
65941a31ef6259a83e91c5e6,0.934665904396102,4.577959671598,1.47388321321669,2.83099222418069,0.361334881937233,0.0450050468112058,0,1,1
65959a63cb30f7348aba06f0,0.621551370885709,4.15402206137697,7.99010643401676,2.82119747429727,0.701260593927211,0.308894905231525,0,1,1
6595e3b4dc9090390e4edb5f,0.951392216972845,4.69382082388996,1.47085764485011,2.90953941969588,0.395739460735732,0.0600855949479313,0,1,1
6596c3663bd4674351a26eb8,0.732512724898163,2.45196701859091,5.29523849388401,2.86511755313637,0.680429800634037,0.108052332157158,0,1,1
659ab1b4640b25ce093058a2,0.63130695136268,3.21734660628728,4.74024783037643,0.993882626435754,0.305389029504206,0.086753643736942,0,1,1
659af325b14ee5c28bf4cb01,0.935291673912499,2.42839581185559,3.12843133075753,3.01379067775187,0.829907857913961,0.0391873561522452,0,1,1
659b6f2675eef229eb252803,0.842698589000325,5.58477956185837,1.23308842694753,2.7581819275576,0.616788907767297,0.0172056997369281,0,1,1
659cc63ff59c72a20e2b7688,0.663613724306363,4.00085944974015,4.62967641152583,1.8778925286873,0.523896196725146,0.0838672038210994,0,1,1
659e3309ae35db2b1664bf89,0.844513661957375,2.86815199815694,29.9936277056726,3.24024627421569,0.61930290728414,0.0618587549021967,0,1,1
659ff88e8fa0b4623885a335,0.865118718849526,2.66242777810367,11.6373610426998,2.81789896781272,0.803810276187024,0.193735850643113,0,1,1
65a5a87fe936f1776eb3510a,0.657460958382147,3.09993861107115,3.37665856590751,0.988719405408319,0.256071551385002,0.207544024439325,0,1,1
65a6b5545eb21fadd5a5c81b,0.857265150286608,4.24905849124934,2.19636959739167,3.57069838339671,0.546720382988123,0.0625573371376119,0,1,1
65a705f6ddbf9042d8d529bb,0.935538041068015,3.14452787097218,2.07730820269382,3.43064275687674,0.462503691681148,0.0634219775148896,0,1,1
65a94e73f78666b2020dbe14,0.748260644207707,7.20861496939641,3.08277205464445,1.92684553621031,0.133218237954798,0.0223047614646417,0,1,1
65a970d338d019f9bed97914,0.928570259285892,3.84910799408089,1.66843668416868,1.51850281194194,0.0817642334810372,0.0079760676270949,0,1,1
65a9b49e86480523ab92490f,0.917205134029132,3.96556881921394,1.80531290152574,3.67193226665514,0.268478643667511,0.0411518111000524,0,1,1
65a9bb664ad821540cd86643,0.733637301466871,4.9267537501548,3.1134879526912,1.46695278564989,0.0996831056831094,0.0331071984527107,0,1,1
65aa05ea799f4e8ebe4ddf5c,0.745541979585464,11.3888673186921,1.56996362578364,2.81273174762023,0.236276210806976,0.0559828857251914,0,1,1
65aa881151a8be31db30d17a,0.930343403623629,3.24611234286624,2.5695360292965,2.40472113997314,0.074537685446713,0.0178197048994861,0,1,1
65aaa37569b28e0c980ed6bc,0.897911560297277,5.01984694098286,1.0741304015778,1.78622155377868,0.486990944088051,0.0212409290264165,0,1,1
65afa8b1f593e35573960cb6,0.721457586731207,8.28302049527389,2.50400509722875,3.33533491188215,0.0388824821682292,0.0080653247400479,0,1,1
65b549c67c7791499c09f8a2,0.593599281404189,6.76172838082533,3.84549157308341,0.809747587746701,0.549129472403439,0.0559349238602677,0,1,1
65b811a351633575b868ae21,0.79737321918179,5.44980305557094,1.58925928590922,3.12760143453422,0.789384660228584,0.239826004561839,0,1,1
65b83cd504dcc08170f2343b,0.874504263970651,3.10628522441826,1.30930127152997,3.0666949553151,0.471174372655399,0.0255537387319351,0,1,1
65b9039cb7246a1633bc0a98,0.566126983476864,5.37260594503353,9.41934216909052,0.935156058349387,0.716198716979857,0.318338180696324,0,1,1
65bba44939d73079f7d2a59a,0.930392444229215,6.17422930095159,1.36145664881019,1.27362920798269,0.27255049420815,0.0345464007057039,0,1,1
65bd4eb549b019b9990328dc,0.641193054383271,5.11190943900056,2.3505070702001,1.52806697571951,0.684379294257238,0.230689741450525,0,1,1
65bf988fde82b668f87bc037,0.624772207063994,4.57582216018045,3.01393945874664,1.4967027693982,0.668664454013732,0.127575203815985,0,1,1
65c0f119fa8fd299fde6b9e2,0.762462334740003,9.24330724968423,0.798416927738273,2.40974219943992,0.527767784041378,0.283685096692255,0,1,1
65c1126b379ff4faa4eba30c,0.703196739005128,5.98828089265694,3.12235382725095,3.2012684580754,0.158381079202857,0.0234865869591597,0,1,1
65c1d15018dd984dec38f4c3,0.946731726978564,3.5891896092894,1.70002832437415,3.27391020502854,0.621416311699793,0.0656437083020505,0,1,1
65c243c37e0d77ca70ee030e,0.726621871780177,3.91134212946876,3.16889384738082,1.93284436020571,0.640195102589729,0.0889679869099841,0,1,1
65c25cf77dca9d7ca7d9ebdb,0.77456138974948,6.926332787182,1.68130821481572,0.910807007266683,0.347296549552785,0.0527662556570947,0,1,1
65c25e3de8b230c294f2b32c,0.812446281832777,2.81865304215148,3.03654133945636,2.59807688851725,0.458279320733856,0.0777780313424075,0,1,1
65c26e8407c01d7f38da9858,0.539584913401185,3.67769513043782,11.2949519168834,2.32874096198281,0.482548510264264,0.377143575378604,0,1,1
65c3a122f00056edea1e17d0,0.817659563286436,2.65231219879436,2.68108789147195,1.10318760815324,0.651232696798635,0.184707328627024,0,1,1
65c783e5704051956c8ff924,0.756159950638873,7.75033499977292,2.64734319476946,1.03075538629635,0.160150007704688,0.0247130607442553,0,1,1
65cb0f21257c8a98f470bb5d,0.954601594485132,2.52407236412935,2.06898119834796,3.6115400926304,0.691602730414295,0.0201340699908814,0,1,1
65cb8d0c2b10d0130f6ebaf0,0.829222022866962,4.19921308835521,1.35724125418275,1.15955219040353,0.274212729801266,0.0621600877810342,0,1,1
65cba761b3d48a22dfc65d2f,0.934800058837714,2.21336639794064,8.38144146169708,3.34033143502572,0.651263970662416,0.064394530079741,0,1,1
65cc041f70b1949ced29d0dc,0.589277784758714,3.85691215202683,10.0341256940286,1.65688596745153,0.713136336853559,0.863660828359754,0,1,1
65cd5b72f200e9541dc051f7,0.762494044334104,2.17417750758082,4.13062188815632,2.77473850905735,0.494932190774372,0.0551553676496002,0,1,1
65ce6e580ff7827d2f4d5145,0.678156329566655,4.64804927056197,0.735341136834708,1.12385436405103,0.0661630987173232,0.472678111061782,0,1,1
65d306f8b16eb5011ccb2025,0.692009807422439,2.70989302996192,3.67742312991706,3.25409061838377,0.502877913629962,0.122365095978533,0,1,1
65d3b304d331a798368e0595,0.680713919250494,3.2898939958283,2.98479013055567,2.03074637969407,0.32095806355988,0.0430098729292802,0,1,1
65d594b4198b2fcc568946bd,0.837319612966954,7.75697787204819,0.880729476141783,1.09923596014436,0.58154737748189,0.145008790587348,0,1,1
65d62d6afc0dcc5b81ceff41,0.724858841453647,4.05298424464196,1.68480165374956,0.980991957493636,0.382049304669452,0.34579312227834,0,1,1
65d8fa2941e5a23c0bd0fb87,0.552793181999733,3.90748496774005,10.3922193002069,3.05684066605696,0.703564675092996,0.312188860282676,0,1,1
65dcddf73df41cde066da638,0.871845345582527,1.77042356827983,6.50619701838989,3.85345503049119,0.628814577040689,0.0769403658141301,0,1,1
65ddeeb544845c2ca218d3d3,0.63709646552813,4.70751285656932,3.06953548580546,1.78722019246689,0.717962728342892,0.293150255014061,0,1,1
65df45b4b6c4eeb9240e1603,0.95147403831297,4.55965477953077,1.40592395535551,2.30224379066959,0.0441006017515978,0.0067935879067727,0,1,1
65e2cb31fb9eabd44a2febbb,0.922743249111394,7.32230891886849,5.09201814201817,1.98142079633548,0.0487869902339283,0.0148426911730298,0,1,1
65e33239b5fa3ca93950aa67,0.668056329506019,7.80837952976296,0.736036827630106,1.46143970260375,0.150186872553668,0.308148698315128,0,1,1
65e36d287b3844081e1f9613,0.908943057120262,3.328618867733,5.79173121819041,2.16466371905939,0.0515748697801168,0.0196177316420504,0,1,1
65e3c99ff63caa042aac8883,0.966042514356242,8.21539409127329,0.980179452712023,0.684851152866934,0.213318830935941,0.0077863613849114,0,1,1
65e5a88bbbf79d273413f88a,0.716944554159372,11.5617702342017,2.21071912054886,1.40757088639462,0.136439655039002,0.0268884380435415,0,1,1
65e686420ea25196de9139d5,0.866278948335022,4.57002624561866,2.78407116146119,1.85834591653468,0.340357960958457,0.0364638554556952,0,1,1
65e6a469e82dc3feeeda4433,0.652880664777626,3.66686152316718,3.7747599757691,2.18187980168054,0.716950413104738,0.253643457638726,0,1,1
65e84adb6f06957a658f1f25,0.673931542968734,3.41106327849976,1.52666501821175,0.843291739381071,0.426545678146335,0.0906157846072195,0,1,1
65ea312e53c37b2a17c138f9,0.883314580468448,5.26666753128652,1.51895211166767,2.97854170708918,0.218109687649516,0.0310491685093147,0,1,1
65ea679d293a5eb3dddd5ffc,0.923050316641594,3.59056825908943,1.57834951924097,2.31933410363472,0.111405317491382,0.0183721230786686,0,1,1
65ea6d657bbd3689a87a1de6,0.919929509589052,3.52190744101607,2.5160614424464,3.23975223674071,0.789007040900464,0.102388192049955,0,1,1
65eb230ebabf00edfeb036e6,0.734419002013797,7.99236798567335,0.631554365014778,1.27196520306638,0.103841601175879,0.405708713373015,0,1,1
65ef7e2a7204e54dcdbc3f66,0.857041081712368,5.55471328309708,1.41741016278852,1.86785693086108,0.709727485152886,0.349671632989359,0,1,1
65f03cac071873738667ccbb,0.703606833689845,7.58475099989865,3.27466373372016,0.898696616541041,0.0895574636257859,0.0316446216131982,0,1,1
65f0405b36b8d4bfa1eb9637,0.631372277033966,3.79301044957912,3.15652187096281,2.85983369474943,0.721715807742504,0.260966489310634,0,1,1
65f0677c96375d7ff6595772,0.529840633864005,1.63465583576999,20.3021966295509,2.84242455786163,0.830080220059646,0.0231126784722854,0,1,1
65f08eae7bdd2ad480e9c841,0.815657443694057,3.5385418587897,1.79478915409364,3.07618237149332,0.589275522723009,0.0613576408048854,0,1,1
65f093e8f2d288f322978ea3,0.523459114176769,4.43505348535404,5.65704679008675,0.538958806104897,0.648563193116645,0.340047648272173,0,1,1
65f11794f02cbf5b0acb34b0,0.617059161405446,3.5625489287907,5.67066873377102,2.16565646221162,0.722873345468567,0.155352435359053,0,1,1
65f13f3a0c0f671ce997c223,0.920585725112386,4.36127096495052,1.17731429625836,2.1192880100616,0.253371754430976,0.0735262552372027,0,1,1
65f2ae114ff6eaf05df92566,0.783311868782001,6.89347875378003,2.14324616870123,2.37934204636413,0.202688941951898,0.0164344226100509,0,1,1
65f333c755d191fcd18fa279,0.673367129841922,2.70019344092708,6.42567366162555,2.35987718541198,0.741091283723385,0.419520195465052,0,1,1
65f33586e630ca372dfc96f8,0.937346598082728,3.65915952732305,2.1969090503926,3.31974350172239,0.0408857892325894,0.0137440529219391,0,1,1
65f335ba737e19c6aad352aa,0.655560803797343,2.02906696461363,5.86658901526373,1.50354468692093,0.607835962533984,0.199961752473212,0,1,1
65f33a30a74da39eb0a21835,0.648212359191247,2.28497439089245,11.6482197780311,3.52472724442793,0.273891643885495,0.0460481883761901,0,1,1
65f34d32d899ea4fd6d6197b,0.853179589151974,4.26977092460078,1.57957213148819,2.10572286531803,0.593174315279684,0.0473540294769101,0,1,1
65f3beac5e96144b7402ae9c,0.58785824937958,1.3467951424485,35.1179744400551,3.21014177585507,0.470163137163409,0.0741918828195168,0,1,1
65f4ab7884f8411c9e11a34e,0.926482831129353,3.49965500618995,1.40861557582005,2.58429541737006,0.0415447515603867,0.0125601843395886,0,1,1
65f4b1857f5b498314e118cf,0.733522581601516,4.12595453617231,3.17433394050978,1.27051461800439,0.0912302762758896,0.0378823547412358,0,1,1
65f4e1f8008a169d7ecde720,0.912869042739423,5.37709791724683,1.72114966094575,2.4976988395951,0.315138179305194,0.0203874316573035,0,1,1
65f5260e1b19a041bbde0f54,0.640888744027429,2.15957452028151,4.96009554586636,3.26701358467377,0.766294619466458,0.329975648415616,0,1,1
65f58b399426c824ebce27ce,0.654828434811748,4.16723013149918,3.6610013997082,1.98915013567887,0.481179907844999,0.0827759942376441,0,1,1
65f7c77cc240bb287a4a0dab,0.530451789553829,2.82548368517709,7.69646688926118,2.73947032543074,0.730106895379942,0.59468166812533,0,1,1
65f85564dbfd935f4f68d062,0.903300337461345,5.18671969634462,1.76494626989735,2.83924754558047,0.113057666034183,0.0234442957218201,0,1,1
65faa015b08626882ddef940,0.661204160226121,7.71258456687303,0.738859904531061,1.19387656936797,0.0436758830453048,0.275819103280229,0,1,1
65fab2896bb1445ad3abf39b,0.65525271538416,3.66840865463404,4.36317050926259,1.93051730480225,0.701623071263831,0.15093968608416,0,1,1
65fab55532461b0eaf2236b6,0.717245743154527,10.3604209892247,2.83858269113444,2.93415991376093,0.0288561130915075,0.0063356139071808,0,1,1
65fabcadbea8447f5c937935,0.636478174658263,2.25550570538653,9.6882027358477,2.38001335034934,0.580194522875285,0.242157172354387,0,1,1
65fad673a546ab14baf2f8d3,0.651460497131499,1.92666576580729,4.78499416236805,2.54695965155181,0.7242044265436,0.0663803380975102,0,1,1
65fae6b84fa6b3101d2ca4b1,0.75740013420873,3.29724579244061,2.12988322879519,3.18926822780579,0.347255158161202,0.039487794302063,0,1,1
65fafec03bcc45eef533814d,0.539023598453354,4.7073348274453,7.84289629072069,0.623545310994287,0.2858990562036,0.172126252054794,0,1,1
65fb06f7968577006d9665c4,0.759122580634485,4.25179767536833,1.31779234321698,0.996331573865011,0.074332034232959,0.43736172551655,0,1,1
65fb0cd08626e511f3eafccb,0.591606674312195,4.35391788738842,6.90197568153018,1.25498501781094,0.736835364256755,0.111691123064713,0,1,1
65fb1b3b8d6f60e342ea6b1e,0.690283164879457,2.79261102912294,4.78495653534302,3.48762025053664,0.333206786766933,0.0587119180511579,0,1,1
65fb5f438050e2495c957083,0.94323650537191,3.77732878177896,1.63033778013353,2.25945706081945,0.0607784398522646,0.0093294434459462,0,1,1
65fb8ba703fee27775bdc9bf,0.915971938052187,1.88499923927561,4.0808196425005,1.3261878931172,0.0667892908263606,0.0103434666746932,0,1,1
65fbaa1758417f3f6d7b1d84,0.957415744002034,7.57709148136748,1.22046091479932,1.01080900380376,0.16881769957358,0.0129495489376866,0,1,1
65fca331fa0a2eaf667d9318,0.644153476544278,5.61845362099217,0.876658386944599,0.623623099515306,0.415867842546919,0.55872696180743,0,1,1
65fe5444cc257c70f668d2a4,0.795425932136779,4.32868518761521,2.26382177394416,2.88591940570942,0.187347762767984,0.028973615409781,0,1,1
65ff24005c028050281d3f17,0.600978932506432,4.06924391887299,6.62387298938857,3.69752099983827,0.799577971133536,0.786858235585824,0,1,1
65fff06c5c541d3b70810910,0.649471948768405,2.85254279589322,2.34096783068037,2.70626504996048,0.757082522018993,0.193002459764652,0,1,1
66019ab0b3f2821605b1a028,0.61798439576534,3.11677486242362,9.8781583006645,2.28993541409522,0.589993303125089,0.244532038653042,0,1,1
66034de136822e2d301c3796,0.796846600253679,12.9190101510051,1.13861041490543,1.55343686561643,0.420736461447064,0.0583401843150209,0,1,1
66043493d2699f223f6300c9,0.647725454916849,2.48996967332975,2.0777952668693,1.82371372365502,0.683028931109995,0.119387995441436,0,1,1
6604722ff70cdd65875e2c6b,0.933211575184655,3.72187815286349,2.53229928299789,2.79343303665622,0.145135291015975,0.0388799524299144,0,1,1
66049694dfb8828a8f3dce70,0.601455026489321,6.21616934369163,3.52056047270721,1.9558666791427,0.546825141811019,0.0604853911691033,0,1,1
6605c2254e87083454b26f9c,0.760590156964003,3.57487523217384,1.97978576414382,1.47507437728094,0.336315953074708,0.0693002262031136,0,1,1
6605c7c89ba2e71bdfa91861,0.951520586155667,2.18585012580651,7.39574463135255,3.37924283352175,0.668919713814894,0.0151188283041901,0,1,1
66060f19dda14ccd05dfcef9,0.78854772017259,7.14415341990193,1.9751935935287,2.89394502359306,0.0372011540533653,0.007495500219554,0,1,1
6606c9df5ec3096c96b16d5e,0.917024554788042,2.8698734012654,1.7386598582513,1.95891106626947,0.389770441254558,0.0151332728310581,0,1,1
6606f15e0998a345a03c66b3,0.828424006496702,3.51117740838686,2.32557644369061,1.78499139836212,0.556727069014348,0.159911664731823,0,1,1
66074f7cb655db9adfae591b,0.609633513392779,4.70917793334755,3.33708763917566,2.88313001645606,0.726653522577676,0.176485429567362,0,1,1
66088b078ff8518336021b26,0.649229881514832,5.46259862494175,0.669935303473225,0.764111083402029,0.123759639265104,0.0512529791434108,0,1,1
660982bb12941e7442c18325,0.74983500827523,2.92351684181776,2.0398881798614,3.87876453619194,0.827065123923775,0.32696832473719,0,1,1
660af0dad94118b7a229a48c,0.866341783079663,4.15266998435521,1.5084585020332,3.26395055192399,0.160095224937558,0.0172955846746452,0,1,1
660b0a4be5b321afb0d56a71,0.939052405514961,3.84085717330669,1.30905363363646,3.42396785035709,0.122611722133218,0.0120589095034142,0,1,1
660b40f4c78a0305b2ed28cb,0.882255131079863,1.72569324477465,4.62383360568569,3.43219609890655,0.571273267449993,0.0436179860772745,0,1,1
660b50fe7a64661e391dd08c,0.801890227784159,8.02756585001683,0.900124221022154,2.0236185820924,0.380850475763781,0.0557341559880157,0,1,1
660dfa1d1b035ba808f2b45f,0.924888434208725,3.40888033885753,1.7144031506809,2.82929843946326,0.239869382653381,0.0472178359629881,0,1,1
661104c7d8d32b3a4736a59c,0.930171108933968,4.05588690472765,287.968268387365,1.62318926884755,0.52162712733416,0.082031907654807,0,1,1
661403240d2261252260d5bc,0.587345436781578,1.96221193921345,31.6301611516946,3.21669083612503,0.812576017197491,0.0141322448017722,0,1,1
661518389e545666580a32a8,0.797916429824144,5.30397763520786,2.08415921386459,2.46719453305552,0.0810803594071119,0.0142776244659301,0,1,1
66153c5237b371310ca8ceaa,0.951464591957661,5.90809022328471,1.54099136368417,1.76159191353266,0.442151014416341,0.0412285044397838,0,1,1
66171378a0d58cc04011f002,0.90873655830767,9.48731462761218,1.68119137318952,3.49007135017652,0.247992149070138,0.0621636424671529,0,1,1
6619a6b7ce5da964c6d15b4d,0.885552149049882,2.14249744241741,5.21398305455193,3.14070758860514,0.151038089467622,0.0138814849698434,0,1,1
66201746287a77b3b97d0c52,0.720016299476816,5.35401868223697,1.76027793545131,2.67075368874021,0.628113867813458,0.0701399892200152,0,1,1
6620a09b51dd0cf06035b3b1,0.954099426608758,2.30658581221918,3.08514752605109,2.52538096786098,0.0263691645730466,0.0072091434579489,0,1,1
6622be67c3c8690e01b55dab,0.813257958938375,3.88112971384514,2.79433665146299,3.20271373052276,0.0385119437660054,0.0153873008220168,0,1,1
6625ac4d6f5a636552f8adf0,0.813946824805837,2.54237507478025,7.57030065844297,3.57934655277993,0.689716506308101,0.127299006850713,0,1,1
6626f18372aacd362b3a4fe2,0.787407188773138,8.80605441764666,0.881772355687678,1.93891359733363,0.584474501375782,0.60755789077841,0,1,1
66274c9a7a108416c47ed2b9,0.88316706785526,2.32986550288254,1.01186835983568,2.46350424435868,0.619630385834679,0.22351593271519,0,1,1
66290ede1ab02829b1c72509,0.634573948948807,6.48498710774005,6.55144404960812,1.55423768157959,0.0865335142809386,0.0497222847419448,0,1,1
662959b221d6790f5548ba36,0.902272391612369,4.20158632561738,2.15567882265499,3.57746375664873,0.330315061245223,0.0697498579277217,0,1,1
66296576ea9cd406efc12f7c,0.920857712051126,3.02752981483728,1.41185328184858,3.33522057793973,0.696255935103519,0.0511766181824479,0,1,1
6629bd52f563a590601a612e,0.737299272127395,4.03308478256497,4.79598758135917,2.77896329684146,0.419298884996575,0.105727933352202,0,1,1
662a650b6b7d15a354343ad4,0.798724114462521,7.57916016294231,1.67881800768285,1.8580692982908,0.116701953655453,0.0068083105902999,0,1,1
662f93c33fe9ba41a6319363,0.892926235711692,4.29335538074677,1.35008592895617,3.48333337350093,0.808584644955828,0.135160224647953,0,1,1
662fad6b6f397a64efc67680,0.610859650411962,2.82539811670673,3.19826072476919,1.9377867427569,0.607761771515739,0.166197126950689,0,1,1
662fb42cc3458e96dee33181,0.76982635399872,6.69826188738342,1.97184835544431,1.72551215953063,0.255527947976466,0.0331242353609771,0,1,1
6630fcae418bde6a9e7c3b47,0.87036774122427,3.82540052079679,1.76945075899883,2.16467598457351,0.114265181967655,0.0106985296393126,0,1,1
663155927c57cad7446ba8bb,0.621036474788886,7.82484620235503,5.88734831404233,1.04374271497803,0.0634849643351585,0.0215328147578301,0,1,1
66324bf0d2e7d3036efac146,0.57759355731193,3.12227807779938,20.5544235251309,2.51894788540543,0.662480824675072,0.909005220927509,0,1,1
66338ed6228f4e62b2c663d7,0.919480934083998,6.48334412908284,0.789582476464237,2.0917588045017,0.294027964255924,0.037720709157232,0,1,1
66355fbe799df84584ae9fed,0.6807486120765,5.04018172203763,2.04730222057803,1.01660164384075,0.449075970226509,0.0534186650115136,0,1,1
6636447c86d75d8f142ace4b,0.789621725250543,4.79338025426178,0.96214661461427,1.14382025990118,0.435245693511613,0.284754032062117,0,1,1
663654019b097719967fdb7d,0.777978703929592,2.05431146239872,3.32678825319254,2.54282391540497,0.652065647049435,0.148893200062201,0,1,1
66368ac547b8824e50cfa854,0.685694670771337,5.03179912565952,0.587460610609036,0.931058815157394,0.104920475562116,0.177088798229556,0,1,1
6637725bb8c26344d88019bb,0.648179740101359,4.23642270315266,0.777934932429579,1.07519712573892,0.469013013093993,0.692903078937265,0,1,1
6638d55b77829762c4d21609,0.562628999594846,3.89105365124395,4.45183640332244,2.84068762730701,0.696638755941583,0.252476728603848,0,1,1
6638f3d967d2828b285f176d,0.54399334655864,6.4579106102308,0.846258521425603,0.523562910366763,0.220405653000214,0.0369554771005396,0,1,1
6638f721ac4b7a399d3d9229,0.880772623275348,4.88748513270252,1.397278767488,2.62777848431601,0.130006521923867,0.0180296159391394,0,1,1
663929054c48656122cd8aa1,0.832166441305344,1.55522875764445,6.47965483173391,3.22298706654456,0.615457304945197,0.0876055922979276,0,1,1
66396a8bcc746f2fa4177d5f,0.905629118894205,3.70084601079079,2.13601789860435,3.03901093236256,0.272040404492476,0.0165950292245827,0,1,1
663a13d140564554b431a688,0.920853071052896,6.13190949449196,1.07218667296603,2.59500723896049,0.390187614537683,0.0722490604246362,0,1,1
663a4f68bebcc0715722dec7,0.776236200481486,3.79626800862521,2.15705718238479,2.79272090716606,0.811280789320069,0.170651470269996,0,1,1
663a5c3aff126ef7c5bd71a3,0.937178989883067,4.10453738522524,1.9903940513751,2.4716468436846,0.426557126003987,0.0119856191833558,0,1,1
663a5c54f0582b5d7603a1e6,0.724747340837817,4.48089469883853,2.80850286722494,3.22225418594707,0.820909715563098,0.167652490675123,0,1,1
663a63f7d07fee78a65a31a6,0.767988205728678,5.41462318718117,2.70270153467297,3.03727853567125,0.189037714151695,0.0426765827934922,0,1,1
663a7af013938e6bbfb065d5,0.770683614526667,2.83791818200593,1.93101056609224,2.40873368405862,0.396213290977424,0.0545020307796318,0,1,1
663abe859bcc3ea8ef9bbdf3,0.756357534059145,4.55303778050527,3.97286487851216,3.04337693638262,0.0919922412099453,0.0158951856385673,0,1,1
663ad1e9c4066faf455c913d,0.751397356882426,4.74059773555388,0.785236463090999,0.777710052328064,0.559498600268772,0.241914363324884,0,1,1
663ad56043fe3dec6ceffacd,0.723805682705807,3.50345050673562,2.22348689421545,2.72992079132105,0.560358779794027,0.0241252776842637,0,1,1
663b8df565dd08db10006c4e,0.899661128066685,8.00631600669684,0.791272611885982,1.32520526335092,0.48316427880492,0.294048801525104,0,1,1
663c1487dd7b50c020023d58,0.796181363248667,4.10659298161163,1.39308118132304,1.7900852564008,0.59301232836992,0.0678728800657521,0,1,1
663c1db6050ff8907df7909a,0.574770549517232,4.38465227457556,6.74616207173989,1.58930713935946,0.73075689795901,0.603963857229266,0,1,1
663d86a16a6f0cc0683ba9db,0.930620646682792,3.45285633408943,1.7102265860211,0.950062240231403,0.27561573721449,0.0461157543642183,0,1,1
663e55eb0dead5d035f3b76e,0.716264005900279,7.18089696452705,2.03575160681769,2.15234189547197,0.0768957002308255,0.0148132619120358,0,1,1
663e84e6b5670c18c681bb30,0.947052577798946,3.12799538171627,4.93727831944499,3.00068237592609,0.526080633028731,0.125022133076011,0,1,1
663fbfc8c8c814ee81e8037c,0.894952336934853,2.75814912899915,3.55931480221718,1.00482286052167,0.0682328090500627,0.0130028778558509,0,1,1
663fd4658572150cc2416c27,0.945565361290811,4.78392145507446,1.32144021231628,3.46501930090615,0.207217823159168,0.0159623690001687,0,1,1
6641174a70570c7bf4758e35,0.565066378460799,3.40641600523775,3.41820029986696,0.592027336541771,0.588877188663303,0.274008445006925,0,1,1
6641c4901c5ea0f470be6f02,0.932992418534252,3.97210084481242,1.19696735295093,2.659561466964,0.423460341355912,0.0550350277572053,0,1,1
6642122a3650c28b1e2e367a,0.955299158978557,2.59572051610933,2.73325092577456,3.38722451423238,0.631495959802206,0.0478129334182207,0,1,1
664288ab31739a1dffbb2c60,0.725905397569429,5.59031221826578,0.780389532547847,1.47918757225594,0.138450503392433,0.490940522007927,0,1,1
66437d930a82c8623344a9f2,0.94706028687516,4.60824315882507,1.48119228243244,2.45846281660627,0.294812638596112,0.0373813638143785,0,1,1
664384e8d6cae57c73e3d8c6,0.744045837926164,8.24186116872102,0.691630942733647,2.16943373571087,0.377488037223871,0.108140849324034,0,1,1
66439b89a9fca58cf2513d93,0.559083949539358,2.49114979963612,21.9481787659169,2.12784633267077,0.610301588146719,0.163093207553933,0,1,1
66441863c6ae7938f0e91254,0.923772474000633,3.69358569142673,3.03641657744655,3.84972951442083,0.591583186073624,0.0411488656696288,0,1,1
6644527fc7cb167a601cd5ac,0.576566208309978,1.5822873755983,45.1307288072255,2.95216656763774,0.79590832026262,0.227327247398218,0,1,1
6645517618b9f4db00e5ccc3,0.901328863085501,2.71493146184695,4.28604996332141,3.83034605886275,0.843552691539575,0.179827158082943,0,1,1
664639dd4711fff56d77ada4,0.943572822192227,6.11705886302947,1.31537450164684,3.07351078255647,0.172736828302799,0.0274685238751103,0,1,1
66463a2c0a36377060b1910c,0.797921488215538,3.67729105226325,1.70893315940049,1.44303225952681,0.335527746803499,0.0389858579421331,0,1,1
664653e2c2e145ef7ecedd0d,0.902058431377673,2.68227225336847,1.52277948441328,2.38809488054338,0.651625858079618,0.0704768126002128,0,1,1
6646592895602daa1e66b648,0.642989654597538,1.32856849408451,13.1217973763386,3.33112776071822,0.79273835267881,0.246839673803077,0,1,1
6647e0c35e49c207ba28fdb9,0.557110885256832,3.50729522184142,16.1580278322009,0.794934203711572,0.741745062708896,0.195428997139279,0,1,1
6648becccd1bf5a6e253577b,0.878224941168518,6.88475476177226,3.06722854069337,2.79419309996483,0.227393323879426,0.0368459712094403,0,1,1
6648e9264880fad56eebf485,0.94374321390338,6.48833128559632,0.81396954051951,2.10662656534146,0.277341005824094,0.0238763933810616,0,1,1
664a0cc1ee0b6791cd3c7b55,0.666379996327967,5.25382304384951,3.32246454789111,2.58705639743435,0.668922923821136,0.155700823097648,0,1,1
664a910980871d3cd7944412,0.910862597852255,3.07751999673324,1.63845090492606,2.9942628048395,0.383908969012958,0.0237589630768913,0,1,1
664b31793e9619258b204011,0.636295464451173,6.13368573067055,1.06768871875126,2.79580545791617,0.776174343337723,0.643164920119955,0,1,1
664b3b0db7eb225f6d56922c,0.58229854533576,2.34709707612908,15.9754268007511,3.08489067298014,0.765915727443203,0.229576568850349,0,1,1
664b4af989da4c25d181f27e,0.797498952131848,3.13205716976989,2.22320492764963,2.77191826461741,0.0832430816103533,0.0064492835996745,0,1,1
664b550820b57425a150d8e2,0.511311650765452,1.73852584716709,12.6764100454237,2.39305116910328,0.705684583191583,0.127094841365582,0,1,1
664b56924fe53a254403f774,0.529589267405566,2.02978324610679,15.5209754583607,3.27201172056304,0.774453383040087,0.861744027825465,0,1,1
664b66162c93f4cb8d9224a6,0.871772992769425,5.91484219631358,0.853952190257147,3.34201796867578,0.713761932429457,0.161284270590828,0,1,1
664bf2201abae3378784ee1a,0.678911445896019,6.73466854547629,3.62149339838024,1.9304093653334,0.0980829684499794,0.0382142024291352,0,1,1
664c3cfeeccf0399b4110f7d,0.929787053239731,6.2689131066215,1.4152843036195,2.40957518738561,0.441746465329037,0.0462208389791633,0,1,1
664cf905de6ca38cfad9e5d4,0.712661369757761,10.0035994021472,2.68952215696577,2.99979661470551,0.0708185871695448,0.0144882488427323,0,1,1
664d0be31a585c224f0aa15d,0.654227789659952,6.70507959664384,0.775447934376741,1.77531520595166,0.548621509966482,0.262664602513107,0,1,1
664d11e6124e3ad6e6277871,0.913819408711851,6.4256527898276,1.0061701615693,2.45335786362551,0.637385505579818,0.0809915882471078,0,1,1
664dcd50e61b5246d5b7377b,0.681327075352086,2.29195932876587,7.77507308006074,3.50933693267543,0.835532991793344,0.332364438635446,0,1,1
6650915f8347f93a39a93f5c,0.624060336278338,4.6542267772879,2.7954524606933,1.33284982244595,0.669071964113735,0.0712941680084573,0,1,1
6650b525c83a2e7b6048fcda,0.552650152509752,4.41170645033317,8.63209631870066,2.20316608531005,0.715822601328401,0.61938985840111,0,1,1
6650da43a82f01840447bcbe,0.869726422366449,3.52003638893316,2.43120515283526,2.85352156311093,0.337799654407065,0.077455746387234,0,1,1
665288637afb1c6f9ef2d257,0.737080839205018,2.52767997139433,5.60507001533573,3.1342168704342,0.383931313829576,0.110724335130783,0,1,1
6652b039261ef03ecb978b4b,0.908053238267469,1.97105599679446,1.70359921092495,3.61090475242334,0.626668309914755,0.0580853704116657,0,1,1
66548532974360d0c90b9dd5,0.627989642661041,2.45982970474186,10.3768762789196,3.13216502782625,0.624602473923862,0.147852669152823,0,1,1
6654a18a5fde8d605b36daec,0.734531122872113,3.41308599262625,1.99305914692451,3.20208933129276,0.799878680720545,0.0925117402102227,0,1,1
66550501336446c73dbbb0cf,0.891069186246677,2.95565052269559,5.44593496473528,3.22139972822548,0.79511112548734,0.112586670001899,0,1,1
66552035a627a90b20d3a549,0.656304687297028,3.61537035932206,4.98995362127131,1.95625237866635,0.548932108379411,0.188515548125121,0,1,1
6655df41311a20030c9d77de,0.880436664611743,3.89193488305867,2.27822020162676,2.48058978117956,0.119000807817798,0.017888471883637,0,1,1
66562a0038182ffa52b47afe,0.728210415969336,5.77364499004321,0.854101364879328,1.16017303405886,0.0481261198934756,0.114891755831628,0,1,1
665643c27eafe088db748236,0.963112426697539,5.02953510551812,1.46510698078294,3.36809151007477,0.2432414162401,0.0094708353197164,0,1,1
665652337f7a6a3a5aff1e15,0.76307115105183,3.77168935266006,2.34374492437162,1.47709866205304,0.374374054407572,0.0663766335262286,0,1,1
6656b41a68bc810ea64c442c,0.935099407663558,4.05574023771801,3.34151048613451,2.10232800110233,0.157904693995306,0.0165704909469753,0,1,1
6658c0f0eacd7bcadeef8a56,0.584784084680195,1.72342719541745,6.38725647258237,1.09530650416307,0.384366681220099,0.185687746701369,0,1,1
6658c12121d17e38d247f857,0.67789633972748,9.42382515963554,2.69304301235518,2.64068412351345,0.0890094046309504,0.0234013284124322,0,1,1
6658c97a19546bf4a7e54bcb,0.544113892005556,4.67511919552852,4.09529514518342,1.88821648631482,0.725880203531616,0.519058569699728,0,1,1
6658e9b7aab263fcab6c9c72,0.837983424826548,3.91105759686968,0.685845031864458,4.02258598635988,0.836392245717372,0.431423634870076,0,1,1
6658f43c81732302f479d0d4,0.750901007332499,4.87355773276057,1.93707589756387,1.8790648103114,0.634418843388352,0.0839254831437163,0,1,1
6659f976774b5910114ec891,0.747059834297477,3.92863765494443,2.20972200191503,1.57127326468389,0.695800130845433,0.0894124131373164,0,1,1
665a421acec6848f16a01035,0.62113649561211,5.375549238188,5.91515325637622,2.34673912913358,0.0783722106320954,0.0325759212643265,0,1,1
665ae2d4ecf98c5daa3ce7fe,0.787692066611865,6.31684176581846,0.850184118562609,2.16717387801356,0.546462054573268,0.210734001403522,0,1,1
665daa0b432c3a3ad423ea34,0.780054730717099,2.67347285723693,2.90507611366284,3.61560410673,0.734053176130613,0.158852641834844,0,1,1
665f1275a8344d26d5e340f5,0.597283503122816,3.79493531785734,1.07772622340656,1.13202240340877,0.193970143027639,0.43921525506115,0,1,1
665f58d933f0031a4058b642,0.833258238206436,5.87955279957176,2.21361644014034,3.42034148659808,0.159906466625137,0.0123986254157942,0,1,1
665f8b8b8bacd56af9e28b97,0.936963678059031,3.14232890686715,1.74394046317859,1.86903012816475,0.213384175316151,0.0105472074035156,0,1,1
665f9802109374808c44de37,0.765114136415558,1.47667406405328,3.18749133389994,1.40700679027792,0.44880511322008,0.112190643868014,0,1,1
6662deda47d8f64c1589cac9,0.644409047696666,2.01341052873108,11.1700395146283,3.33137169320986,0.804739135990533,0.159152625404238,0,1,1
666339464f778f33532d28f0,0.920867485801354,3.2364481265425,1.91042583318907,2.3715092009136,0.264955426717539,0.104896760647521,0,1,1
6663b39d3676132ea478c7c1,0.674704118283062,3.19379717898797,5.02797542752875,3.01240223611139,0.54579526702767,0.0669536376061136,0,1,1
66645eff20ea0a1d14a3d5bb,0.657741145379986,4.01970143120185,4.15221313872258,0.681897010648058,0.710230975209049,0.145707183766347,0,1,1
66673aa947402f713541aa37,0.771916730613856,9.53897057833976,1.5563808687274,2.1124674080283,0.542282481867746,0.062756526407337,0,1,1
666878a27888fdd27f529c64,0.943433305220449,3.28972598461218,1.22811724588974,1.73520832254836,0.130539894385988,0.0149464902914319,0,1,1
66699c5067ce8c66a3c9c5e5,0.745575960725174,4.53946420254188,2.64378008694043,2.61020708328806,0.598758867137317,0.0444304185511393,0,1,1
666aef7a2e560f58316d124b,0.913229831802013,2.85606696800194,0.961307955738286,2.14626558109369,0.633045322324618,0.0467214904777075,0,1,1
666affd46d2232579a2a8a15,0.631653123800568,2.13296657306496,8.66456536151593,2.4027853366756,0.776357357326772,0.177405377127769,0,1,1
666b04170e6ae5d987ed3a8f,0.587161956359306,4.25593901585003,6.34896938565889,2.09406017866624,0.588758019549418,0.1349650755553,0,1,1
666b114817ee975e387828c2,0.730422845984353,6.55937521935512,2.26006053034824,2.08123887652607,0.590680157473767,0.0844987492473331,0,1,1
666c42c5e028ee98e1b07316,0.747729909722777,7.34454249436339,1.00464965304654,1.94598585443588,0.531911628652466,0.0785067991374789,0,1,1
666c46689192fcbdd74a248e,0.694996793519892,4.6194411449234,2.0136305217125,2.03339270975804,0.519732079149082,0.0660470064732924,0,1,1
666d11888a386185e18d9695,0.856304067482107,4.32038230508384,3.31617790818883,2.69884369180145,0.104826599648401,0.0295099506791567,0,1,1
666e38d1909bc0331b853d90,0.817276503511811,3.2149046385108,7.21722555755545,2.12677368491271,0.610159937969371,0.112176056254721,0,1,1
666f0b4bbd321b51c55d97f7,0.929960159620702,2.11353572838233,3.91184812237562,3.53637703024668,0.591066390907678,0.148158450627489,0,1,1
6670330ca7f17d6da599571b,0.941914635433892,5.86336737843421,1.08963563552371,2.04695332066475,0.634209391645116,0.0418211232553464,0,1,1
66703d4a7436b1c576ba4a8c,0.817027847657361,8.28344955462126,2.42381464063011,1.88280851721512,0.23008370999203,0.0141695502878903,0,1,1
66704038ed9c2e159e7121a3,0.499535703154236,1.07809292451613,7.05732477113012,1.03591403057508,0.43653599132473,0.166798377012744,0,1,1
667062eb4bd4a99a00f3bddf,0.669922512254052,4.54811678755036,2.65752226289777,2.21261155527022,0.670891449269398,0.2206873401601,0,1,1
66707536a4f76cc874a404bc,0.888492004514594,5.41054526654232,2.09693005789799,1.81020042350529,0.239770199950677,0.0447858548913104,0,1,1
6671c2a565e37006f7ed0529,0.929098029509905,2.84284939025389,1.95517950367547,3.30511600420909,0.218991174866616,0.0255248497802105,0,1,1
6672d7d5aa7f3fbbf4799396,0.796105347026388,8.23879924800135,1.28057767248171,2.06962987077228,0.572330979996382,0.0340478929348483,0,1,1
6672e7ec7590d5ff3bebe11c,0.958833923127797,5.86082799732552,2.12546891929177,3.1672449737188,0.140865375669913,0.0220800552212684,0,1,1
6674abe9b3d32372e68ecd74,0.898044180257481,3.18463346188757,2.37584701489028,1.86474643998996,0.43926569055808,0.0872607206861923,0,1,1
6675b81a0a062036fb380a18,0.670775981372174,2.74602154775704,4.30812518929948,3.6608363334011,0.829530071431639,0.170756509384742,0,1,1
66761a7cef6f2c01681b6731,0.659694456475109,3.09669763853807,3.35315297218536,3.27579096117714,0.734285921798331,0.106422372538423,0,1,1
66772075fbaa1f2a37515c3c,0.778054614279744,3.66004010976122,3.06143942310632,2.69594103022915,0.553315220746286,0.0819001944202484,0,1,1
667799f0adf7eb9ad7749ca9,0.664240791252372,11.679052265586,3.30749353889008,2.36623663333548,0.0274151787170195,0.0118683627857182,0,1,1
66798bb581aef87e665958b7,0.658976766867644,2.65746046109992,7.47697418527412,3.44060545185153,0.621717794945677,0.0469431918879039,0,1,1
667998e1caf1063776f33a3a,0.654097257143864,2.96285707414818,6.6297707938886,3.39894224284892,0.819445506156839,0.364087349876613,0,1,1
6679c3c09c6adedaa5212405,0.645490488966288,12.8169409623446,4.36945350895924,2.16424597196002,0.0150597797306048,0.0069000395157452,0,1,1
667acdbf9a79568b911c616b,0.675608376860447,5.59540037151619,2.23602112313482,1.42556361231975,0.529603084819114,0.156675407078605,0,1,1
667e84586706ba5b3f84af73,0.910069347401271,1.96463034077385,1.49336024523994,3.09301081450665,0.670128784290583,0.175042395161662,0,1,1
667eb53a8dbd2ed4f921b55d,0.915000870233578,3.89034190355687,2.22059446976324,2.4835624109668,0.233792814099541,0.0275752065451306,0,1,1
667ee8820ae609e59545b5bc,0.852227694148006,1.99185871478401,1.12437600909579,2.19492749020149,0.475065741057903,0.122359839384026,0,1,1
667fb298629d2b1d2c7ac461,0.650552586419941,3.76095481861998,2.33053609467999,0.714487797736286,0.464510503583405,0.036010113940115,0,1,1
6682aadbae1e1a8ffeaeb8bc,0.898746395818225,5.96306504857393,1.39845779969188,1.34856967560311,0.0820584475943414,0.0108831232586139,0,1,1
6682ad57ffa9942586836a2e,0.955225165558801,3.58937111102483,1.74851504381456,3.16322516505651,0.543461700162467,0.0830368183563723,0,1,1
6682adb6c4cc2cb1c1fc7f58,0.618899506650638,1.87242284682531,10.6567334097178,2.77583546896197,0.36209653977765,0.078410754875516,0,1,1
6683ea6250e32f8840985d57,0.951151136368668,4.0356425092752,1.52236227463864,2.79273470104068,0.454928331037854,0.0171585939794397,0,1,1
6684616bcea947393abcad81,0.790798226318534,2.69577276850344,1.11997743260682,2.35318396077049,0.38875260870427,0.303448109897724,0,1,1
66847eccb4a565bacffd62b6,0.907740782620082,5.30675031295627,1.71954892183108,2.74831004986793,0.170656677575695,0.0129816179005374,0,1,1
66869dc4a8c7f935afb68275,0.813835425119321,4.13172244156377,1.37729112759357,1.02436124182307,0.181014513806226,0.0219365549080507,0,1,1
66869ffdfbb0e002547a2c8c,0.644059893073207,2.37610300786187,3.82429842009386,3.17960686404538,0.754543377356434,0.219852854209956,0,1,1
6688773dee9491cf3bcd1e0a,0.917068415114116,3.68596329413404,0.896295332990743,2.94633121525061,0.14498920296533,0.0289378309660372,0,1,1
66894feb1d96f0bef40475cc,0.875963567189857,5.54440956072323,1.73059115508998,1.07452698441001,0.117737893200278,0.0149297291549073,0,1,1
668a61bc9c8a9fa7f9ddaafd,0.627725213750593,1.73951629540654,2.58265390016372,1.60854759105578,0.607084104621858,0.105924835302389,0,1,1
668d377117648ea8f3a3c13d,0.745063451361951,2.1994535991608,4.35212073986999,2.17296684261657,0.428191093190985,0.0672644879283997,0,1,1
668d389667efeda3baf2fa88,0.622654793592007,4.14982480525216,5.31681053963955,2.53666002927559,0.684417278995568,0.121855881542586,0,1,1
668d4f33fdba135be3c74ed8,0.726792636691239,3.42297803301256,1.24251673686313,2.88090697518988,0.655236264390668,0.139963360608213,0,1,1
668d6d380fb72b01a09dee54,0.94283646986481,5.22870487319296,1.00713554947289,3.12291462122387,0.53309601686801,0.0169396207328337,0,1,1
668ec4ddc9aed2f8cc62cb28,0.604796387420694,4.08725266671254,9.76343729614149,2.34846547140897,0.770615140578473,0.73799796444915,0,1,1
6690354debafdd430e76f9d4,0.747440622135102,4.25643534428088,2.03718911883852,2.05388505791649,0.149475892613192,0.0158654264955828,0,1,1
66904dfa11f9261ad12ec5bb,0.912060975765015,7.2410511759402,1.26315678884951,3.43697983138365,0.359974113811259,0.0645456075666766,0,1,1
66906a9aabc012e1dfe7c1e0,0.88523233277451,3.13313487958307,445.667760295513,2.50532843325235,0.710967246185714,0.0682142919752837,0,1,1
66928066bc79e45d4826aa29,0.890093575911193,4.50174537724727,3.34828952444046,2.87488577904945,0.0958560832800407,0.0312696441712745,0,1,1
6692ceff14930391bbca9587,0.643005671289128,5.23762767629266,0.553961103104743,0.451476841671756,0.225104957206323,0.0307427549592662,0,1,1
66945ed6eccf6e78ece68276,0.76931226120645,6.06148266980053,1.61540585102585,3.57454278763236,0.828905627485538,0.129294515127499,0,1,1
669686f9c0223af02c0e8c1f,0.565647094681292,2.1879775725966,6.70483378608264,2.32810343572884,0.520262972562789,0.0545892209964701,0,1,1
6697422670466cbd029533a6,0.816790119327304,5.05677042620145,0.849928486563316,1.55416583775506,0.65138851167363,0.438745953032184,0,1,1
66985517cef61c8bfe5d592d,0.932734870839432,5.37213496923945,1.31357385394421,1.93433886556256,0.439585274966377,0.0686161009540345,0,1,1
66989959a9a6e990d72c7a91,0.897855872391143,3.85724489033676,1.3612261953491,2.08833789207157,0.0839244982171926,0.0142722961763839,0,1,1
669d7a56135e5944f27496f1,0.654319733830851,2.17201629626466,3.35672039405794,0.805659110386813,0.65136908659607,0.136398234769443,0,1,1
